/*
Navicat MySQL Data Transfer

Source Server         : 新自信
Source Server Version : 50731
Source Host           : 10.70.0.113:3306
Source Database       : xzx

Target Server Type    : MYSQL
Target Server Version : 50731
File Encoding         : 65001

Date: 2020-11-06 08:15:05
*/

SET FOREIGN_KEY_CHECKS=0;

-- ----------------------------
-- Table structure for inquiry
-- ----------------------------
DROP TABLE IF EXISTS `inquiry`;
CREATE TABLE `inquiry` (
  `id` bigint(40) NOT NULL COMMENT '编号',
  `name` varchar(255) DEFAULT NULL COMMENT '所询价设备名称',
  `real_brand` varchar(255) DEFAULT '' COMMENT '品牌',
  `brand` varchar(255) DEFAULT '' COMMENT '品牌推荐',
  `params` varchar(10000) DEFAULT NULL COMMENT '技术参数',
  `model` varchar(10000) DEFAULT NULL COMMENT '品牌型号',
  `unit` varchar(255) DEFAULT NULL COMMENT '单位',
  `number` int(10) DEFAULT NULL COMMENT '数量',
  `total_price` double(20,2) DEFAULT NULL COMMENT '报价总价',
  `price` double(20,2) DEFAULT NULL COMMENT '报价单价',
  `sort` int(10) DEFAULT NULL,
  `remark` varchar(255) DEFAULT NULL COMMENT '备注',
  `pro_detail_id` bigint(40) DEFAULT NULL,
  `device_type_id` bigint(40) DEFAULT NULL,
  `is_active` int(10) DEFAULT NULL COMMENT '是否有效',
  `is_useful` int(10) DEFAULT NULL COMMENT '是否被使用',
  `operator` bigint(40) DEFAULT NULL COMMENT '操作者',
  `time` bigint(40) DEFAULT NULL COMMENT '操作时间',
  PRIMARY KEY (`id`)
) ENGINE=InnoDB DEFAULT CHARSET=utf8;

-- ----------------------------
-- Records of inquiry
-- ----------------------------
INSERT INTO `inquiry` VALUES ('119006173', '24口机架式ODF箱', null, null, '24口LC/ LC满配', null, '台', '1', null, null, '7', null, '1565074093', null, '1', '0', '1', '1604557674682');
INSERT INTO `inquiry` VALUES ('125773725', '46寸高清监控专用显示器', null, null, 'DS-D5046QD', null, '台', '1', null, null, '5', null, '1565074093', null, '1', '1', '1', '1604557674682');
INSERT INTO `inquiry` VALUES ('179409370', '交换机', null, null, '24个10/100Base-TX以太网端口，\n24个10/100/1000Base-TX以太网口，2个复用的千兆ComboSFP、POE+，含电源', null, '台', '1', null, null, '4', null, '1565074093', null, '1', '0', '1', '1604557674682');
INSERT INTO `inquiry` VALUES ('281622991', '枪机支架', null, null, '壁装支架/ 海康白/ 铝合金，\n尺寸70×97.1×181.8mm', null, '台', '12', null, null, '2', null, '1565074093', null, '1', '1', '1', '1604557674682');
INSERT INTO `inquiry` VALUES ('351486386', '视频控制箱', null, null, '不锈钢材质，\n出线孔：6个（G-3/4内螺纹）\n外形尺寸：376*362*161mm\n内部尺寸：ø234*127\n安装孔尺寸：4-ø8.5mm', null, '个', '2', null, null, '11', null, '1565074093', null, '1', '0', '1', '1604557674682');
INSERT INTO `inquiry` VALUES ('397902216', '高清视频线', null, null, 'HDMI高清视频线，10米', null, '根', '1', null, null, '12', null, '1565074093', null, '1', '1', '1', '1604557674682');
INSERT INTO `inquiry` VALUES ('445806086', '单模POE视频光端机', null, null, '1个FC光口，8个RJ45电口', null, '对', '2', null, null, '9', null, '1565074093', null, '1', '1', '1', '1604557674682');
INSERT INTO `inquiry` VALUES ('741260027', '报     价    单', null, null, null, null, null, null, null, null, '13', null, '1565074093', null, '1', '0', '1', '1604557674682');
INSERT INTO `inquiry` VALUES ('769232875', 'PDU插座', null, null, '10孔', null, '个', '2', null, null, '8', null, '1565074093', null, '1', '0', '1', '1604557674682');
INSERT INTO `inquiry` VALUES ('808189150', '硬盘录像机硬盘', null, null, '4T', null, '块', '4', null, null, '10', null, '1565074093', null, '1', '1', '1', '1604557674682');
INSERT INTO `inquiry` VALUES ('1176730645', '标准机柜', null, null, '600×2000×600', null, '台', '1', null, null, '6', null, '1565074093', null, '1', '0', '1', '1604557674682');
INSERT INTO `inquiry` VALUES ('1205107290', 'NVR硬盘录像机', null, null, '2U标准机架式IP存储，嵌入式处理器，嵌入式软硬件设计；支持24路高清，256M带宽网络视频接入，256M网络带宽输出；支持8个SATA盘位；支持RAID0、1、5、6、10多种RAID模式及全局热备，多重保护数据安全；2个千兆以太网口等；配硬盘2个2T。', null, '台', '1', null, null, '3', null, '1565074093', null, '1', '1', '1', '1604557674682');
INSERT INTO `inquiry` VALUES ('1629745641', '200万高清网络\n红外枪机', null, null, '200万像素   1/2.8”CMOS，\n1920×1080，H.265，数字宽动态，镜头4mm，30米红外，智能分析，DC12V/POE供电，不含支架', null, '台', '12', null, null, '1', null, '1565074093', null, '1', '1', '1', '1604557674682');

-- ----------------------------
-- Table structure for product_pool
-- ----------------------------
DROP TABLE IF EXISTS `product_pool`;
CREATE TABLE `product_pool` (
  `id` bigint(20) NOT NULL,
  `name` varchar(255) DEFAULT NULL,
  `brand` varchar(255) DEFAULT NULL,
  `supplier` varchar(255) DEFAULT NULL,
  `model` varchar(10000) DEFAULT NULL,
  `params` varchar(10000) DEFAULT NULL,
  `price` double(10,0) DEFAULT NULL,
  `delivery` varchar(255) DEFAULT '',
  `remark` varchar(255) DEFAULT NULL,
  `is_active` int(255) DEFAULT NULL,
  `is_useful` int(255) DEFAULT NULL,
  `operator` bigint(255) DEFAULT NULL,
  `time` bigint(20) DEFAULT NULL,
  PRIMARY KEY (`id`)
) ENGINE=InnoDB DEFAULT CHARSET=utf8;

-- ----------------------------
-- Records of product_pool
-- ----------------------------

-- ----------------------------
-- Table structure for quote
-- ----------------------------
DROP TABLE IF EXISTS `quote`;
CREATE TABLE `quote` (
  `id` bigint(40) NOT NULL COMMENT '主键',
  `supplier` varchar(255) DEFAULT NULL,
  `su_model` varchar(10000) DEFAULT NULL COMMENT '报价型号',
  `su_brand` varchar(255) DEFAULT NULL COMMENT '品牌',
  `su_params` varchar(10000) DEFAULT NULL COMMENT '报价参数',
  `su_price` double(20,2) DEFAULT NULL COMMENT '报价设备单价',
  `su_total_price` double(20,2) DEFAULT NULL COMMENT '报价设备总价',
  `su_delivery` varchar(255) DEFAULT '' COMMENT '货期',
  `warranty` varchar(255) DEFAULT '' COMMENT '质保期',
  `su_remark` varchar(255) DEFAULT NULL COMMENT '供应商备注',
  `image` varchar(255) DEFAULT NULL COMMENT '图片路径',
  `inquiry_id` bigint(40) DEFAULT NULL COMMENT '询价id',
  `is_active` int(10) DEFAULT NULL,
  `is_useful` int(10) DEFAULT NULL,
  `operator` bigint(40) DEFAULT NULL,
  `time` bigint(40) DEFAULT NULL,
  PRIMARY KEY (`id`)
) ENGINE=InnoDB DEFAULT CHARSET=utf8;

-- ----------------------------
-- Records of quote
-- ----------------------------
INSERT INTO `quote` VALUES ('37926294', '海康威视', 'DS-8632NX-K8', '海康威视', '硬件规格：\n2U标准机架式\n2个HDMI，2个VGA，HDMI1和VGA1同源，HDMI2和VGA2同源，组间异源\n8盘位，可满配8T硬盘\n2个千兆网口\n2个USB2.0接口、1个USB3.0接口\n1个eSATA接口\n报警IO：16进4出（选配16进8出）\n\n软件性能：\n输入带宽：256Mbps\n32路H.264、H.265混合接入\n最大支持8×1080P解码\n支持H.265、H.264解码\nSmart 2.0/ANR/智能检索/智能回放/车牌检索/人脸检索/热度图/客流量统计/分时段回放/超高倍速回放/双系统备份', '2040.00', '2040.00', '', '24个月', '', 'http://218.87.96.53:8006/images/9dfc4995-3698-48bc-8042-ceca52c69deb.jpeg', '1205107290', '0', '0', '1', '1604564582692');
INSERT INTO `quote` VALUES ('40112412', '海康威视', 'DS-D5043FL/S', '海康威视', '43寸液晶监视器，金属外观，\n显示：LED背光；分辨率1920×1080；\n亮度400cd/㎡，对比度4000:1，功耗≤80W，\n裸机尺寸(W×L×D)(mm)：996.4mm(W)*590.8mm(H)*48.6mm(D) ，\n接口：\n音视频输入接口：VGA × 1、DVI × 1、HDMI × 1、BNC IN (SDI 信号) × 1\n音视频输出接口：BNC OUT (SDI 信号) × 1、内置扬声器5 W × 2\n数据传输接口：USB × 1\n控制接口：RS-232 IN × 1、RS-232 OUT × 1\n标准配置：\n装箱清单：遥控器 × 1、串口转接器 × 1、碳性干电池 × 2、电源线 × 1、光盘 × 1、保修\n卡 × 1、合格证 × 1、元素表 × 1、壁挂螺丝包（内含4 颗螺丝）× 1\n*出货不带底座，不带壁挂支架、底座和壁挂需要单独下单，', '2950.00', '2950.00', '', '24个月', '', 'http://218.87.96.53:8006/images/3921aaa3-87d0-4407-9338-51164788ee87.jpeg', '125773725', '0', '0', '1', '1604559604104');
INSERT INTO `quote` VALUES ('105596119', '海康威视', 'DS-8632NX-K8', '海康威视', '硬件规格：\n2U标准机架式\n2个HDMI，2个VGA，HDMI1和VGA1同源，HDMI2和VGA2同源，组间异源\n8盘位，可满配8T硬盘\n2个千兆网口\n2个USB2.0接口、1个USB3.0接口\n1个eSATA接口\n报警IO：16进4出（选配16进8出）\n\n软件性能：\n输入带宽：256Mbps\n32路H.264、H.265混合接入\n最大支持8×1080P解码\n支持H.265、H.264解码\nSmart 2.0/ANR/智能检索/智能回放/车牌检索/人脸检索/热度图/客流量统计/分时段回放/超高倍速回放/双系统备份', '2040.00', '2040.00', '', '24个月', '', 'http://218.87.96.53:8006/images/52293fd6-6f01-4799-bb12-994e73a76ef8.jpeg', '1205107290', '0', '0', '1', '1604559604104');
INSERT INTO `quote` VALUES ('143407958', '海康威视', 'DS-8632NX-K8', '海康威视', '硬件规格：\n2U标准机架式\n2个HDMI，2个VGA，HDMI1和VGA1同源，HDMI2和VGA2同源，组间异源\n8盘位，可满配8T硬盘\n2个千兆网口\n2个USB2.0接口、1个USB3.0接口\n1个eSATA接口\n报警IO：16进4出（选配16进8出）\n\n软件性能：\n输入带宽：256Mbps\n32路H.264、H.265混合接入\n最大支持8×1080P解码\n支持H.265、H.264解码\nSmart 2.0/ANR/智能检索/智能回放/车牌检索/人脸检索/热度图/客流量统计/分时段回放/超高倍速回放/双系统备份', '2040.00', '2040.00', '', '24个月', '', 'http://218.87.96.53:8006/images/海康威视NVR硬盘录像机报价设备图.jpeg31749274-eefb-49f9-8b3e-6aeb13c859d3.jpeg', '1205107290', '0', '0', '1', '1604561617015');
INSERT INTO `quote` VALUES ('211714753', '海康威视', 'ST4000VX000-520', '', '4TB/64MB(6Gb/秒 NCQ)/5900RPM/SATA3', '610.00', '2440.00', '', '24个月', '', '', '808189150', '0', '0', '1', '1604559604104');
INSERT INTO `quote` VALUES ('259422098', '海康威视', 'DS-D5043FL/S', '海康威视', '43寸液晶监视器，金属外观，\n显示：LED背光；分辨率1920×1080；\n亮度400cd/㎡，对比度4000:1，功耗≤80W，\n裸机尺寸(W×L×D)(mm)：996.4mm(W)*590.8mm(H)*48.6mm(D) ，\n接口：\n音视频输入接口：VGA × 1、DVI × 1、HDMI × 1、BNC IN (SDI 信号) × 1\n音视频输出接口：BNC OUT (SDI 信号) × 1、内置扬声器5 W × 2\n数据传输接口：USB × 1\n控制接口：RS-232 IN × 1、RS-232 OUT × 1\n标准配置：\n装箱清单：遥控器 × 1、串口转接器 × 1、碳性干电池 × 2、电源线 × 1、光盘 × 1、保修\n卡 × 1、合格证 × 1、元素表 × 1、壁挂螺丝包（内含4 颗螺丝）× 1\n*出货不带底座，不带壁挂支架、底座和壁挂需要单独下单，', '2950.00', '2950.00', '', '24个月', '', 'http://218.87.96.53:8006/images/海康威视46寸高清监控专用显示器报价设备图.jpeg8fcebbf2-4e8a-4561-ba5a-b4257cf51239.jpeg', '125773725', '0', '0', '1', '1604561617015');
INSERT INTO `quote` VALUES ('267484162', '海康威视', 'ST4000VX000-520', '', '4TB/64MB(6Gb/秒 NCQ)/5900RPM/SATA3', '610.00', '2440.00', '', '24个月', '', '', '808189150', '0', '0', '1', '1604562209741');
INSERT INTO `quote` VALUES ('279866833', '海康威视', 'DS-2CD2T25-I3', '海康威视', '200万 1/2.7\" CMOS ICR红外阵列筒型网络摄像机\n最低照度: 0.01 Lux @（F1.2，AGC ON），0 Lux with IR\n宽动态: 120 dB \n焦距&视场角:  \n4 mm @F2.0，水平视场角：87.2°，垂直视场角：46.2°，对角线视场角：104.8°\n6 mm @F2.0，水平视场角：53.9°，垂直视场角：28.8°，对角线视场角：62.8°\n8 mm @F1.6，水平视场角：40.9°，垂直视场角：22.5°，对角线视场角：47.4°\n12 mm @F1.6，水平视场角：25.4°，垂直视场角：14.4°，对角线视场角：29.1°\n红外距离: 最远可达30 m\n波长范围: 850 nm\n防补光过曝: 支持\n最大图像尺寸: 1920 × 1080\n视频压缩标准: 主码流：H.265/H.264\n网络存储: NAS（NFS，SMB/CIFS均支持）\n网络: 1个RJ45 10 M/100 M自适应以太网口\n存储温湿度: -30 ℃~60 ℃，湿度小于95%（无凝结）\n启动及工作温湿度: -30 ℃~60 ℃，湿度小于95%（无凝结）\n供电方式: DC：12 V ± 25%，支持防反接保护；PoE(802.3af)\n电流及功耗: DC：12 V，0.34 A，最大功耗：4 W；PoE：802.3af，36 V~57 V，0.13 A~0.08 A，最大功耗：5 W \n电源接口类型: Ø5.5 mm圆口\n产品尺寸: 194 × 93.9 × 93.5 mm\n包装尺寸: 235 × 120 × 125 mm\n设备重量: 750 g\n带包装重量: 870 g\n防护: IP67', '265.00', '3180.00', '', '24个月', '', 'http://218.87.96.53:8006/images/2affeec4-1978-409a-b81b-4acef45c9459.jpeg', '1629745641', '0', '0', '1', '1604562209741');
INSERT INTO `quote` VALUES ('311981349', '海康威视', 'DS-1292ZJ', '海康威视', '壁装支架/海康白/铝合金/尺寸70×97.1×173.4mm', '20.00', '240.00', '', '24个月', '', 'http://218.87.96.53:8006/images/b3765d2b-d193-4eb3-8dd3-3dcdd2c961a0.jpeg', '281622991', '0', '0', '1', '1604560337793');
INSERT INTO `quote` VALUES ('315428019', '海康威视', 'DS-D5043FL/S', '海康威视', '43寸液晶监视器，金属外观，\n显示：LED背光；分辨率1920×1080；\n亮度400cd/㎡，对比度4000:1，功耗≤80W，\n裸机尺寸(W×L×D)(mm)：996.4mm(W)*590.8mm(H)*48.6mm(D) ，\n接口：\n音视频输入接口：VGA × 1、DVI × 1、HDMI × 1、BNC IN (SDI 信号) × 1\n音视频输出接口：BNC OUT (SDI 信号) × 1、内置扬声器5 W × 2\n数据传输接口：USB × 1\n控制接口：RS-232 IN × 1、RS-232 OUT × 1\n标准配置：\n装箱清单：遥控器 × 1、串口转接器 × 1、碳性干电池 × 2、电源线 × 1、光盘 × 1、保修\n卡 × 1、合格证 × 1、元素表 × 1、壁挂螺丝包（内含4 颗螺丝）× 1\n*出货不带底座，不带壁挂支架、底座和壁挂需要单独下单，', '2950.00', '2950.00', '', '24个月', '', 'http://218.87.96.53:8006/images/940f13bd-2f97-4f52-955c-6c7e6ead5577.jpeg', '125773725', '0', '0', '1', '1604565447005');
INSERT INTO `quote` VALUES ('316771200', '海康威视', '无POE', '', '', '0.00', '0.00', '', '', '', '', '445806086', '0', '0', '1', '1604559604104');
INSERT INTO `quote` VALUES ('327241744', '海康威视', '无POE', '', '', '0.00', '0.00', '', '', '', '', '445806086', '0', '0', '1', '1604564886398');
INSERT INTO `quote` VALUES ('334576298', '海康威视', 'DS-2CD2T25-I3', '海康威视', '200万 1/2.7\" CMOS ICR红外阵列筒型网络摄像机\n最低照度: 0.01 Lux @（F1.2，AGC ON），0 Lux with IR\n宽动态: 120 dB \n焦距&视场角:  \n4 mm @F2.0，水平视场角：87.2°，垂直视场角：46.2°，对角线视场角：104.8°\n6 mm @F2.0，水平视场角：53.9°，垂直视场角：28.8°，对角线视场角：62.8°\n8 mm @F1.6，水平视场角：40.9°，垂直视场角：22.5°，对角线视场角：47.4°\n12 mm @F1.6，水平视场角：25.4°，垂直视场角：14.4°，对角线视场角：29.1°\n红外距离: 最远可达30 m\n波长范围: 850 nm\n防补光过曝: 支持\n最大图像尺寸: 1920 × 1080\n视频压缩标准: 主码流：H.265/H.264\n网络存储: NAS（NFS，SMB/CIFS均支持）\n网络: 1个RJ45 10 M/100 M自适应以太网口\n存储温湿度: -30 ℃~60 ℃，湿度小于95%（无凝结）\n启动及工作温湿度: -30 ℃~60 ℃，湿度小于95%（无凝结）\n供电方式: DC：12 V ± 25%，支持防反接保护；PoE(802.3af)\n电流及功耗: DC：12 V，0.34 A，最大功耗：4 W；PoE：802.3af，36 V~57 V，0.13 A~0.08 A，最大功耗：5 W \n电源接口类型: Ø5.5 mm圆口\n产品尺寸: 194 × 93.9 × 93.5 mm\n包装尺寸: 235 × 120 × 125 mm\n设备重量: 750 g\n带包装重量: 870 g\n防护: IP67', '265.00', '3180.00', '', '24个月', '', 'http://218.87.96.53:8006/images/e5d66583-4020-41b5-9b0e-48286a3814f6.jpeg', '1629745641', '0', '0', '1', '1604560337793');
INSERT INTO `quote` VALUES ('352322937', '海康威视', '', '海康威视', 'HDMI电缆,15m,黑色', '600.00', '600.00', '', '12个月', '', '', '397902216', '0', '0', '1', '1604563247899');
INSERT INTO `quote` VALUES ('352840198', '海康威视', '', '海康威视', 'HDMI电缆,15m,黑色', '600.00', '600.00', '', '12个月', '', '', '397902216', '0', '0', '1', '1604561617015');
INSERT INTO `quote` VALUES ('447234314', '海康威视', 'DS-8632NX-K8', '海康威视', '硬件规格：\n2U标准机架式\n2个HDMI，2个VGA，HDMI1和VGA1同源，HDMI2和VGA2同源，组间异源\n8盘位，可满配8T硬盘\n2个千兆网口\n2个USB2.0接口、1个USB3.0接口\n1个eSATA接口\n报警IO：16进4出（选配16进8出）\n\n软件性能：\n输入带宽：256Mbps\n32路H.264、H.265混合接入\n最大支持8×1080P解码\n支持H.265、H.264解码\nSmart 2.0/ANR/智能检索/智能回放/车牌检索/人脸检索/热度图/客流量统计/分时段回放/超高倍速回放/双系统备份', '2040.00', '2040.00', '', '24个月', '', 'http://218.87.96.53:8006/images/a6483177-c947-4f40-8434-0dfc33e24d6e.jpeg', '1205107290', '0', '0', '1', '1604560337793');
INSERT INTO `quote` VALUES ('458338182', '海康威视', 'DS-1292ZJ', '海康威视', '壁装支架/海康白/铝合金/尺寸70×97.1×173.4mm', '20.00', '240.00', '', '24个月', '', 'http://218.87.96.53:8006/images/c2bdb115-4f28-46bb-b6c2-edbb1b5a61d7.jpeg', '281622991', '0', '0', '1', '1604564582692');
INSERT INTO `quote` VALUES ('540106134', '海康威视', 'DS-1292ZJ', '海康威视', '壁装支架/海康白/铝合金/尺寸70×97.1×173.4mm', '20.00', '240.00', '', '24个月', '', 'http://218.87.96.53:8006/images/aeb1bab2-ca9b-4526-9867-f5a67b8efe2b.jpeg', '281622991', '0', '0', '1', '1604564886398');
INSERT INTO `quote` VALUES ('548055055', '海康威视', 'ST4000VX000-520', '', '4TB/64MB(6Gb/秒 NCQ)/5900RPM/SATA3', '610.00', '2440.00', '', '24个月', '', '', '808189150', '0', '0', '1', '1604564886398');
INSERT INTO `quote` VALUES ('559194700', '海康威视', 'DS-2CD2T25-I3', '海康威视', '200万 1/2.7\" CMOS ICR红外阵列筒型网络摄像机\n最低照度: 0.01 Lux @（F1.2，AGC ON），0 Lux with IR\n宽动态: 120 dB \n焦距&视场角:  \n4 mm @F2.0，水平视场角：87.2°，垂直视场角：46.2°，对角线视场角：104.8°\n6 mm @F2.0，水平视场角：53.9°，垂直视场角：28.8°，对角线视场角：62.8°\n8 mm @F1.6，水平视场角：40.9°，垂直视场角：22.5°，对角线视场角：47.4°\n12 mm @F1.6，水平视场角：25.4°，垂直视场角：14.4°，对角线视场角：29.1°\n红外距离: 最远可达30 m\n波长范围: 850 nm\n防补光过曝: 支持\n最大图像尺寸: 1920 × 1080\n视频压缩标准: 主码流：H.265/H.264\n网络存储: NAS（NFS，SMB/CIFS均支持）\n网络: 1个RJ45 10 M/100 M自适应以太网口\n存储温湿度: -30 ℃~60 ℃，湿度小于95%（无凝结）\n启动及工作温湿度: -30 ℃~60 ℃，湿度小于95%（无凝结）\n供电方式: DC：12 V ± 25%，支持防反接保护；PoE(802.3af)\n电流及功耗: DC：12 V，0.34 A，最大功耗：4 W；PoE：802.3af，36 V~57 V，0.13 A~0.08 A，最大功耗：5 W \n电源接口类型: Ø5.5 mm圆口\n产品尺寸: 194 × 93.9 × 93.5 mm\n包装尺寸: 235 × 120 × 125 mm\n设备重量: 750 g\n带包装重量: 870 g\n防护: IP67', '265.00', '3180.00', '', '24个月', '', 'http://218.87.96.53:8006/images/44184344-1239-49c3-9a0b-dfa8a5c16e61.jpeg', '1629745641', '0', '0', '1', '1604560702982');
INSERT INTO `quote` VALUES ('572052596', '海康威视', '无POE', '', '', '0.00', '0.00', '', '', '', '', '445806086', '1', '0', '1', '1604565874372');
INSERT INTO `quote` VALUES ('603047182', '海康威视', '', '海康威视', 'HDMI电缆,15m,黑色', '600.00', '600.00', '', '12个月', '', '', '397902216', '0', '0', '1', '1604559532416');
INSERT INTO `quote` VALUES ('608029986', '海康威视', 'ST4000VX000-520', '', '4TB/64MB(6Gb/秒 NCQ)/5900RPM/SATA3', '610.00', '2440.00', '', '24个月', '', '', '808189150', '0', '0', '1', '1604560702982');
INSERT INTO `quote` VALUES ('676577077', '海康威视', 'DS-8632NX-K8', '海康威视', '硬件规格：\n2U标准机架式\n2个HDMI，2个VGA，HDMI1和VGA1同源，HDMI2和VGA2同源，组间异源\n8盘位，可满配8T硬盘\n2个千兆网口\n2个USB2.0接口、1个USB3.0接口\n1个eSATA接口\n报警IO：16进4出（选配16进8出）\n\n软件性能：\n输入带宽：256Mbps\n32路H.264、H.265混合接入\n最大支持8×1080P解码\n支持H.265、H.264解码\nSmart 2.0/ANR/智能检索/智能回放/车牌检索/人脸检索/热度图/客流量统计/分时段回放/超高倍速回放/双系统备份', '2040.00', '2040.00', '', '24个月', '', 'http://218.87.96.53:8006/images/466270bd-f3ae-4184-be83-e1fc3d0970bb.jpeg', '1205107290', '0', '0', '1', '1604559532416');
INSERT INTO `quote` VALUES ('707043572', '海康威视', 'DS-1292ZJ', '海康威视', '壁装支架/海康白/铝合金/尺寸70×97.1×173.4mm', '20.00', '240.00', '', '24个月', '', 'http://218.87.96.53:8006/images/b273e9a4-8ec4-40bd-aefc-459a3992b548.jpeg', '281622991', '0', '0', '1', '1604565447005');
INSERT INTO `quote` VALUES ('717536921', '海康威视', 'DS-2CD2T25-I3', '海康威视', '200万 1/2.7\" CMOS ICR红外阵列筒型网络摄像机\n最低照度: 0.01 Lux @（F1.2，AGC ON），0 Lux with IR\n宽动态: 120 dB \n焦距&视场角:  \n4 mm @F2.0，水平视场角：87.2°，垂直视场角：46.2°，对角线视场角：104.8°\n6 mm @F2.0，水平视场角：53.9°，垂直视场角：28.8°，对角线视场角：62.8°\n8 mm @F1.6，水平视场角：40.9°，垂直视场角：22.5°，对角线视场角：47.4°\n12 mm @F1.6，水平视场角：25.4°，垂直视场角：14.4°，对角线视场角：29.1°\n红外距离: 最远可达30 m\n波长范围: 850 nm\n防补光过曝: 支持\n最大图像尺寸: 1920 × 1080\n视频压缩标准: 主码流：H.265/H.264\n网络存储: NAS（NFS，SMB/CIFS均支持）\n网络: 1个RJ45 10 M/100 M自适应以太网口\n存储温湿度: -30 ℃~60 ℃，湿度小于95%（无凝结）\n启动及工作温湿度: -30 ℃~60 ℃，湿度小于95%（无凝结）\n供电方式: DC：12 V ± 25%，支持防反接保护；PoE(802.3af)\n电流及功耗: DC：12 V，0.34 A，最大功耗：4 W；PoE：802.3af，36 V~57 V，0.13 A~0.08 A，最大功耗：5 W \n电源接口类型: Ø5.5 mm圆口\n产品尺寸: 194 × 93.9 × 93.5 mm\n包装尺寸: 235 × 120 × 125 mm\n设备重量: 750 g\n带包装重量: 870 g\n防护: IP67', '265.00', '3180.00', '', '24个月', '', 'http://218.87.96.53:8006/images/6db03910-c06a-4331-b3ef-91aba39c65fd.jpeg', '1629745641', '0', '0', '1', '1604559604104');
INSERT INTO `quote` VALUES ('727618919', '海康威视', '无POE', '', '', '0.00', '0.00', '', '', '', '', '445806086', '0', '0', '1', '1604563247899');
INSERT INTO `quote` VALUES ('728128060', '海康威视', '无POE', '', '', '0.00', '0.00', '', '', '', '', '445806086', '0', '0', '1', '1604565447005');
INSERT INTO `quote` VALUES ('729367161', '海康威视', '无POE', '', '', '0.00', '0.00', '', '', '', '', '445806086', '0', '0', '1', '1604560337793');
INSERT INTO `quote` VALUES ('731542393', '海康威视', 'DS-D5043FL/S', '海康威视', '43寸液晶监视器，金属外观，\n显示：LED背光；分辨率1920×1080；\n亮度400cd/㎡，对比度4000:1，功耗≤80W，\n裸机尺寸(W×L×D)(mm)：996.4mm(W)*590.8mm(H)*48.6mm(D) ，\n接口：\n音视频输入接口：VGA × 1、DVI × 1、HDMI × 1、BNC IN (SDI 信号) × 1\n音视频输出接口：BNC OUT (SDI 信号) × 1、内置扬声器5 W × 2\n数据传输接口：USB × 1\n控制接口：RS-232 IN × 1、RS-232 OUT × 1\n标准配置：\n装箱清单：遥控器 × 1、串口转接器 × 1、碳性干电池 × 2、电源线 × 1、光盘 × 1、保修\n卡 × 1、合格证 × 1、元素表 × 1、壁挂螺丝包（内含4 颗螺丝）× 1\n*出货不带底座，不带壁挂支架、底座和壁挂需要单独下单，', '2950.00', '2950.00', '', '24个月', '', 'http://218.87.96.53:8006/images/689db529-eecb-4127-9864-184f0b2451fd.jpeg', '125773725', '0', '0', '1', '1604560337793');
INSERT INTO `quote` VALUES ('739777764', '海康威视', '', '海康威视', 'HDMI电缆,15m,黑色', '600.00', '600.00', '', '12个月', '', '', '397902216', '0', '0', '1', '1604564582692');
INSERT INTO `quote` VALUES ('807308228', '海康威视', 'DS-D5043FL/S', '海康威视', '43寸液晶监视器，金属外观，\n显示：LED背光；分辨率1920×1080；\n亮度400cd/㎡，对比度4000:1，功耗≤80W，\n裸机尺寸(W×L×D)(mm)：996.4mm(W)*590.8mm(H)*48.6mm(D) ，\n接口：\n音视频输入接口：VGA × 1、DVI × 1、HDMI × 1、BNC IN (SDI 信号) × 1\n音视频输出接口：BNC OUT (SDI 信号) × 1、内置扬声器5 W × 2\n数据传输接口：USB × 1\n控制接口：RS-232 IN × 1、RS-232 OUT × 1\n标准配置：\n装箱清单：遥控器 × 1、串口转接器 × 1、碳性干电池 × 2、电源线 × 1、光盘 × 1、保修\n卡 × 1、合格证 × 1、元素表 × 1、壁挂螺丝包（内含4 颗螺丝）× 1\n*出货不带底座，不带壁挂支架、底座和壁挂需要单独下单，', '2950.00', '2950.00', '', '24个月', '', 'http://218.87.96.53:8006/images/d9dc992e-522a-48fd-87af-4a5f6884175a.jpeg', '125773725', '0', '0', '1', '1604563247899');
INSERT INTO `quote` VALUES ('807369647', '海康威视', 'DS-2CD2T25-I3', '海康威视', '200万 1/2.7\" CMOS ICR红外阵列筒型网络摄像机\n最低照度: 0.01 Lux @（F1.2，AGC ON），0 Lux with IR\n宽动态: 120 dB \n焦距&视场角:  \n4 mm @F2.0，水平视场角：87.2°，垂直视场角：46.2°，对角线视场角：104.8°\n6 mm @F2.0，水平视场角：53.9°，垂直视场角：28.8°，对角线视场角：62.8°\n8 mm @F1.6，水平视场角：40.9°，垂直视场角：22.5°，对角线视场角：47.4°\n12 mm @F1.6，水平视场角：25.4°，垂直视场角：14.4°，对角线视场角：29.1°\n红外距离: 最远可达30 m\n波长范围: 850 nm\n防补光过曝: 支持\n最大图像尺寸: 1920 × 1080\n视频压缩标准: 主码流：H.265/H.264\n网络存储: NAS（NFS，SMB/CIFS均支持）\n网络: 1个RJ45 10 M/100 M自适应以太网口\n存储温湿度: -30 ℃~60 ℃，湿度小于95%（无凝结）\n启动及工作温湿度: -30 ℃~60 ℃，湿度小于95%（无凝结）\n供电方式: DC：12 V ± 25%，支持防反接保护；PoE(802.3af)\n电流及功耗: DC：12 V，0.34 A，最大功耗：4 W；PoE：802.3af，36 V~57 V，0.13 A~0.08 A，最大功耗：5 W \n电源接口类型: Ø5.5 mm圆口\n产品尺寸: 194 × 93.9 × 93.5 mm\n包装尺寸: 235 × 120 × 125 mm\n设备重量: 750 g\n带包装重量: 870 g\n防护: IP67', '265.00', '3180.00', '', '24个月', '', 'http://218.87.96.53:8006/images/32036b27-ce66-4718-8828-6944f5115516.jpeg', '1629745641', '1', '0', '1', '1604565874372');
INSERT INTO `quote` VALUES ('831934497', '海康威视', '无POE', '', '', '0.00', '0.00', '', '', '', '', '445806086', '0', '0', '1', '1604561617015');
INSERT INTO `quote` VALUES ('898562025', '海康威视', 'DS-2CD2T25-I3', '海康威视', '200万 1/2.7\" CMOS ICR红外阵列筒型网络摄像机\n最低照度: 0.01 Lux @（F1.2，AGC ON），0 Lux with IR\n宽动态: 120 dB \n焦距&视场角:  \n4 mm @F2.0，水平视场角：87.2°，垂直视场角：46.2°，对角线视场角：104.8°\n6 mm @F2.0，水平视场角：53.9°，垂直视场角：28.8°，对角线视场角：62.8°\n8 mm @F1.6，水平视场角：40.9°，垂直视场角：22.5°，对角线视场角：47.4°\n12 mm @F1.6，水平视场角：25.4°，垂直视场角：14.4°，对角线视场角：29.1°\n红外距离: 最远可达30 m\n波长范围: 850 nm\n防补光过曝: 支持\n最大图像尺寸: 1920 × 1080\n视频压缩标准: 主码流：H.265/H.264\n网络存储: NAS（NFS，SMB/CIFS均支持）\n网络: 1个RJ45 10 M/100 M自适应以太网口\n存储温湿度: -30 ℃~60 ℃，湿度小于95%（无凝结）\n启动及工作温湿度: -30 ℃~60 ℃，湿度小于95%（无凝结）\n供电方式: DC：12 V ± 25%，支持防反接保护；PoE(802.3af)\n电流及功耗: DC：12 V，0.34 A，最大功耗：4 W；PoE：802.3af，36 V~57 V，0.13 A~0.08 A，最大功耗：5 W \n电源接口类型: Ø5.5 mm圆口\n产品尺寸: 194 × 93.9 × 93.5 mm\n包装尺寸: 235 × 120 × 125 mm\n设备重量: 750 g\n带包装重量: 870 g\n防护: IP67', '265.00', '3180.00', '', '24个月', '', 'http://218.87.96.53:8006/images/ee3901fa-32ec-4431-893e-643272c2e03f.jpeg', '1629745641', '0', '0', '1', '1604565447005');
INSERT INTO `quote` VALUES ('901270339', '海康威视', 'DS-D5043FL/S', '海康威视', '43寸液晶监视器，金属外观，\n显示：LED背光；分辨率1920×1080；\n亮度400cd/㎡，对比度4000:1，功耗≤80W，\n裸机尺寸(W×L×D)(mm)：996.4mm(W)*590.8mm(H)*48.6mm(D) ，\n接口：\n音视频输入接口：VGA × 1、DVI × 1、HDMI × 1、BNC IN (SDI 信号) × 1\n音视频输出接口：BNC OUT (SDI 信号) × 1、内置扬声器5 W × 2\n数据传输接口：USB × 1\n控制接口：RS-232 IN × 1、RS-232 OUT × 1\n标准配置：\n装箱清单：遥控器 × 1、串口转接器 × 1、碳性干电池 × 2、电源线 × 1、光盘 × 1、保修\n卡 × 1、合格证 × 1、元素表 × 1、壁挂螺丝包（内含4 颗螺丝）× 1\n*出货不带底座，不带壁挂支架、底座和壁挂需要单独下单，', '2950.00', '2950.00', '', '24个月', '', 'http://218.87.96.53:8006/images/cfb0a9a2-4417-4351-adac-d93b063d5865.jpeg', '125773725', '1', '0', '1', '1604565874372');
INSERT INTO `quote` VALUES ('919536327', '海康威视', '', '海康威视', 'HDMI电缆,15m,黑色', '600.00', '600.00', '', '12个月', '', '', '397902216', '0', '0', '1', '1604564886398');
INSERT INTO `quote` VALUES ('977169973', '海康威视', 'DS-D5043FL/S', '海康威视', '43寸液晶监视器，金属外观，\n显示：LED背光；分辨率1920×1080；\n亮度400cd/㎡，对比度4000:1，功耗≤80W，\n裸机尺寸(W×L×D)(mm)：996.4mm(W)*590.8mm(H)*48.6mm(D) ，\n接口：\n音视频输入接口：VGA × 1、DVI × 1、HDMI × 1、BNC IN (SDI 信号) × 1\n音视频输出接口：BNC OUT (SDI 信号) × 1、内置扬声器5 W × 2\n数据传输接口：USB × 1\n控制接口：RS-232 IN × 1、RS-232 OUT × 1\n标准配置：\n装箱清单：遥控器 × 1、串口转接器 × 1、碳性干电池 × 2、电源线 × 1、光盘 × 1、保修\n卡 × 1、合格证 × 1、元素表 × 1、壁挂螺丝包（内含4 颗螺丝）× 1\n*出货不带底座，不带壁挂支架、底座和壁挂需要单独下单，', '2950.00', '2950.00', '', '24个月', '', 'http://218.87.96.53:8006/images/1bcb3979-311b-4b0e-a5c9-9180c9aece43.jpeg', '125773725', '0', '0', '1', '1604560702982');
INSERT INTO `quote` VALUES ('987568497', '海康威视', '无POE', '', '', '0.00', '0.00', '', '', '', '', '445806086', '0', '0', '1', '1604559532416');
INSERT INTO `quote` VALUES ('992822109', '海康威视', 'DS-8632NX-K8', '海康威视', '硬件规格：\n2U标准机架式\n2个HDMI，2个VGA，HDMI1和VGA1同源，HDMI2和VGA2同源，组间异源\n8盘位，可满配8T硬盘\n2个千兆网口\n2个USB2.0接口、1个USB3.0接口\n1个eSATA接口\n报警IO：16进4出（选配16进8出）\n\n软件性能：\n输入带宽：256Mbps\n32路H.264、H.265混合接入\n最大支持8×1080P解码\n支持H.265、H.264解码\nSmart 2.0/ANR/智能检索/智能回放/车牌检索/人脸检索/热度图/客流量统计/分时段回放/超高倍速回放/双系统备份', '2040.00', '2040.00', '', '24个月', '', 'http://218.87.96.53:8006/images/3300024f-7f8e-49f0-9787-cb7d3a0305d5.jpeg', '1205107290', '0', '0', '1', '1604562209741');
INSERT INTO `quote` VALUES ('1000010624', '海康威视', 'ST4000VX000-520', '', '4TB/64MB(6Gb/秒 NCQ)/5900RPM/SATA3', '610.00', '2440.00', '', '24个月', '', '', '808189150', '0', '0', '1', '1604561617015');
INSERT INTO `quote` VALUES ('1012661884', '海康威视', 'DS-8632NX-K8', '海康威视', '硬件规格：\n2U标准机架式\n2个HDMI，2个VGA，HDMI1和VGA1同源，HDMI2和VGA2同源，组间异源\n8盘位，可满配8T硬盘\n2个千兆网口\n2个USB2.0接口、1个USB3.0接口\n1个eSATA接口\n报警IO：16进4出（选配16进8出）\n\n软件性能：\n输入带宽：256Mbps\n32路H.264、H.265混合接入\n最大支持8×1080P解码\n支持H.265、H.264解码\nSmart 2.0/ANR/智能检索/智能回放/车牌检索/人脸检索/热度图/客流量统计/分时段回放/超高倍速回放/双系统备份', '2040.00', '2040.00', '', '24个月', '', 'http://218.87.96.53:8006/images/f52f8fd8-4129-4b0c-aa99-759f72b3e96e.jpeg', '1205107290', '1', '0', '1', '1604565874372');
INSERT INTO `quote` VALUES ('1119064531', '海康威视', 'DS-D5043FL/S', '海康威视', '43寸液晶监视器，金属外观，\n显示：LED背光；分辨率1920×1080；\n亮度400cd/㎡，对比度4000:1，功耗≤80W，\n裸机尺寸(W×L×D)(mm)：996.4mm(W)*590.8mm(H)*48.6mm(D) ，\n接口：\n音视频输入接口：VGA × 1、DVI × 1、HDMI × 1、BNC IN (SDI 信号) × 1\n音视频输出接口：BNC OUT (SDI 信号) × 1、内置扬声器5 W × 2\n数据传输接口：USB × 1\n控制接口：RS-232 IN × 1、RS-232 OUT × 1\n标准配置：\n装箱清单：遥控器 × 1、串口转接器 × 1、碳性干电池 × 2、电源线 × 1、光盘 × 1、保修\n卡 × 1、合格证 × 1、元素表 × 1、壁挂螺丝包（内含4 颗螺丝）× 1\n*出货不带底座，不带壁挂支架、底座和壁挂需要单独下单，', '2950.00', '2950.00', '', '24个月', '', 'http://218.87.96.53:8006/images/6605eb8b-2e93-4178-a96f-f87032067f6b.jpeg', '125773725', '0', '0', '1', '1604564582692');
INSERT INTO `quote` VALUES ('1164095531', '海康威视', 'DS-D5043FL/S', '海康威视', '43寸液晶监视器，金属外观，\n显示：LED背光；分辨率1920×1080；\n亮度400cd/㎡，对比度4000:1，功耗≤80W，\n裸机尺寸(W×L×D)(mm)：996.4mm(W)*590.8mm(H)*48.6mm(D) ，\n接口：\n音视频输入接口：VGA × 1、DVI × 1、HDMI × 1、BNC IN (SDI 信号) × 1\n音视频输出接口：BNC OUT (SDI 信号) × 1、内置扬声器5 W × 2\n数据传输接口：USB × 1\n控制接口：RS-232 IN × 1、RS-232 OUT × 1\n标准配置：\n装箱清单：遥控器 × 1、串口转接器 × 1、碳性干电池 × 2、电源线 × 1、光盘 × 1、保修\n卡 × 1、合格证 × 1、元素表 × 1、壁挂螺丝包（内含4 颗螺丝）× 1\n*出货不带底座，不带壁挂支架、底座和壁挂需要单独下单，', '2950.00', '2950.00', '', '24个月', '', 'http://218.87.96.53:8006/images/d995d6fd-48b1-413e-8179-2ec661e88d06.jpeg', '125773725', '0', '0', '1', '1604564886398');
INSERT INTO `quote` VALUES ('1225592027', '海康威视', '', '海康威视', 'HDMI电缆,15m,黑色', '600.00', '600.00', '', '12个月', '', '', '397902216', '0', '0', '1', '1604560702982');
INSERT INTO `quote` VALUES ('1280152611', '海康威视', 'DS-1292ZJ', '海康威视', '壁装支架/海康白/铝合金/尺寸70×97.1×173.4mm', '20.00', '240.00', '', '24个月', '', 'http://218.87.96.53:8006/images/a7adce4a-c9cf-42c0-9a0f-1b2ec89edfff.jpeg', '281622991', '0', '0', '1', '1604559532416');
INSERT INTO `quote` VALUES ('1334600757', '海康威视', 'ST4000VX000-520', '', '4TB/64MB(6Gb/秒 NCQ)/5900RPM/SATA3', '610.00', '2440.00', '', '24个月', '', '', '808189150', '0', '0', '1', '1604563247899');
INSERT INTO `quote` VALUES ('1392352215', '海康威视', 'DS-8632NX-K8', '海康威视', '硬件规格：\n2U标准机架式\n2个HDMI，2个VGA，HDMI1和VGA1同源，HDMI2和VGA2同源，组间异源\n8盘位，可满配8T硬盘\n2个千兆网口\n2个USB2.0接口、1个USB3.0接口\n1个eSATA接口\n报警IO：16进4出（选配16进8出）\n\n软件性能：\n输入带宽：256Mbps\n32路H.264、H.265混合接入\n最大支持8×1080P解码\n支持H.265、H.264解码\nSmart 2.0/ANR/智能检索/智能回放/车牌检索/人脸检索/热度图/客流量统计/分时段回放/超高倍速回放/双系统备份', '2040.00', '2040.00', '', '24个月', '', 'http://218.87.96.53:8006/images/677ad068-19a2-47ce-a28e-5cd2fcb0ad46.jpeg', '1205107290', '0', '0', '1', '1604563247899');
INSERT INTO `quote` VALUES ('1424305405', '海康威视', '', '海康威视', 'HDMI电缆,15m,黑色', '600.00', '600.00', '', '12个月', '', '', '397902216', '0', '0', '1', '1604560337793');
INSERT INTO `quote` VALUES ('1435515165', '海康威视', '', '海康威视', 'HDMI电缆,15m,黑色', '600.00', '600.00', '', '12个月', '', '', '397902216', '0', '0', '1', '1604559604104');
INSERT INTO `quote` VALUES ('1462128299', '海康威视', 'ST4000VX000-520', '', '4TB/64MB(6Gb/秒 NCQ)/5900RPM/SATA3', '610.00', '2440.00', '', '24个月', '', '', '808189150', '0', '0', '1', '1604564582692');
INSERT INTO `quote` VALUES ('1582231139', '海康威视', 'DS-8632NX-K8', '海康威视', '硬件规格：\n2U标准机架式\n2个HDMI，2个VGA，HDMI1和VGA1同源，HDMI2和VGA2同源，组间异源\n8盘位，可满配8T硬盘\n2个千兆网口\n2个USB2.0接口、1个USB3.0接口\n1个eSATA接口\n报警IO：16进4出（选配16进8出）\n\n软件性能：\n输入带宽：256Mbps\n32路H.264、H.265混合接入\n最大支持8×1080P解码\n支持H.265、H.264解码\nSmart 2.0/ANR/智能检索/智能回放/车牌检索/人脸检索/热度图/客流量统计/分时段回放/超高倍速回放/双系统备份', '2040.00', '2040.00', '', '24个月', '', 'http://218.87.96.53:8006/images/6b54a284-2f1d-420d-aa56-86feb1d5b4ed.jpeg', '1205107290', '0', '0', '1', '1604564886398');
INSERT INTO `quote` VALUES ('1591920061', '海康威视', '无POE', '', '', '0.00', '0.00', '', '', '', '', '445806086', '0', '0', '1', '1604560702982');
INSERT INTO `quote` VALUES ('1617189626', '海康威视', '', '海康威视', 'HDMI电缆,15m,黑色', '600.00', '600.00', '', '12个月', '', '', '397902216', '0', '0', '1', '1604565447005');
INSERT INTO `quote` VALUES ('1638552919', '海康威视', '无POE', '', '', '0.00', '0.00', '', '', '', '', '445806086', '0', '0', '1', '1604562209741');
INSERT INTO `quote` VALUES ('1668864429', '海康威视', 'DS-8632NX-K8', '海康威视', '硬件规格：\n2U标准机架式\n2个HDMI，2个VGA，HDMI1和VGA1同源，HDMI2和VGA2同源，组间异源\n8盘位，可满配8T硬盘\n2个千兆网口\n2个USB2.0接口、1个USB3.0接口\n1个eSATA接口\n报警IO：16进4出（选配16进8出）\n\n软件性能：\n输入带宽：256Mbps\n32路H.264、H.265混合接入\n最大支持8×1080P解码\n支持H.265、H.264解码\nSmart 2.0/ANR/智能检索/智能回放/车牌检索/人脸检索/热度图/客流量统计/分时段回放/超高倍速回放/双系统备份', '2040.00', '2040.00', '', '24个月', '', 'http://218.87.96.53:8006/images/e1754a52-d72e-4308-a8fb-8fecb6cd5c13.jpeg', '1205107290', '0', '0', '1', '1604565447005');
INSERT INTO `quote` VALUES ('1701401702', '海康威视', 'DS-8632NX-K8', '海康威视', '硬件规格：\n2U标准机架式\n2个HDMI，2个VGA，HDMI1和VGA1同源，HDMI2和VGA2同源，组间异源\n8盘位，可满配8T硬盘\n2个千兆网口\n2个USB2.0接口、1个USB3.0接口\n1个eSATA接口\n报警IO：16进4出（选配16进8出）\n\n软件性能：\n输入带宽：256Mbps\n32路H.264、H.265混合接入\n最大支持8×1080P解码\n支持H.265、H.264解码\nSmart 2.0/ANR/智能检索/智能回放/车牌检索/人脸检索/热度图/客流量统计/分时段回放/超高倍速回放/双系统备份', '2040.00', '2040.00', '', '24个月', '', 'http://218.87.96.53:8006/images/677e30a8-9f29-468a-9092-3f9ad23a80e2.jpeg', '1205107290', '0', '0', '1', '1604560702982');
INSERT INTO `quote` VALUES ('1706813416', '海康威视', 'DS-1292ZJ', '海康威视', '壁装支架/海康白/铝合金/尺寸70×97.1×173.4mm', '20.00', '240.00', '', '24个月', '', 'http://218.87.96.53:8006/images/6db8ce09-9595-47b8-acac-477143aef316.jpeg', '281622991', '0', '0', '1', '1604563247899');
INSERT INTO `quote` VALUES ('1728841283', '海康威视', 'DS-2CD2T25-I3', '海康威视', '200万 1/2.7\" CMOS ICR红外阵列筒型网络摄像机\n最低照度: 0.01 Lux @（F1.2，AGC ON），0 Lux with IR\n宽动态: 120 dB \n焦距&视场角:  \n4 mm @F2.0，水平视场角：87.2°，垂直视场角：46.2°，对角线视场角：104.8°\n6 mm @F2.0，水平视场角：53.9°，垂直视场角：28.8°，对角线视场角：62.8°\n8 mm @F1.6，水平视场角：40.9°，垂直视场角：22.5°，对角线视场角：47.4°\n12 mm @F1.6，水平视场角：25.4°，垂直视场角：14.4°，对角线视场角：29.1°\n红外距离: 最远可达30 m\n波长范围: 850 nm\n防补光过曝: 支持\n最大图像尺寸: 1920 × 1080\n视频压缩标准: 主码流：H.265/H.264\n网络存储: NAS（NFS，SMB/CIFS均支持）\n网络: 1个RJ45 10 M/100 M自适应以太网口\n存储温湿度: -30 ℃~60 ℃，湿度小于95%（无凝结）\n启动及工作温湿度: -30 ℃~60 ℃，湿度小于95%（无凝结）\n供电方式: DC：12 V ± 25%，支持防反接保护；PoE(802.3af)\n电流及功耗: DC：12 V，0.34 A，最大功耗：4 W；PoE：802.3af，36 V~57 V，0.13 A~0.08 A，最大功耗：5 W \n电源接口类型: Ø5.5 mm圆口\n产品尺寸: 194 × 93.9 × 93.5 mm\n包装尺寸: 235 × 120 × 125 mm\n设备重量: 750 g\n带包装重量: 870 g\n防护: IP67', '265.00', '3180.00', '', '24个月', '', 'http://218.87.96.53:8006/images/d1ccec0a-635e-4107-9515-661ad3a6963a.jpeg', '1629745641', '0', '0', '1', '1604563247899');
INSERT INTO `quote` VALUES ('1785492901', '海康威视', 'ST4000VX000-520', '', '4TB/64MB(6Gb/秒 NCQ)/5900RPM/SATA3', '610.00', '2440.00', '', '24个月', '', '', '808189150', '1', '0', '1', '1604565874372');
INSERT INTO `quote` VALUES ('1797199195', '海康威视', 'ST4000VX000-520', '', '4TB/64MB(6Gb/秒 NCQ)/5900RPM/SATA3', '610.00', '2440.00', '', '24个月', '', '', '808189150', '0', '0', '1', '1604559532416');
INSERT INTO `quote` VALUES ('1812799545', '海康威视', '', '海康威视', 'HDMI电缆,15m,黑色', '600.00', '600.00', '', '12个月', '', '', '397902216', '0', '0', '1', '1604562209741');
INSERT INTO `quote` VALUES ('1815104794', '海康威视', 'DS-D5043FL/S', '海康威视', '43寸液晶监视器，金属外观，\n显示：LED背光；分辨率1920×1080；\n亮度400cd/㎡，对比度4000:1，功耗≤80W，\n裸机尺寸(W×L×D)(mm)：996.4mm(W)*590.8mm(H)*48.6mm(D) ，\n接口：\n音视频输入接口：VGA × 1、DVI × 1、HDMI × 1、BNC IN (SDI 信号) × 1\n音视频输出接口：BNC OUT (SDI 信号) × 1、内置扬声器5 W × 2\n数据传输接口：USB × 1\n控制接口：RS-232 IN × 1、RS-232 OUT × 1\n标准配置：\n装箱清单：遥控器 × 1、串口转接器 × 1、碳性干电池 × 2、电源线 × 1、光盘 × 1、保修\n卡 × 1、合格证 × 1、元素表 × 1、壁挂螺丝包（内含4 颗螺丝）× 1\n*出货不带底座，不带壁挂支架、底座和壁挂需要单独下单，', '2950.00', '2950.00', '', '24个月', '', 'http://218.87.96.53:8006/images/f606c228-5c75-4044-bf24-c558c17ed3e4.jpeg', '125773725', '0', '0', '1', '1604562209741');
INSERT INTO `quote` VALUES ('1858327068', '海康威视', 'DS-2CD2T25-I3', '海康威视', '200万 1/2.7\" CMOS ICR红外阵列筒型网络摄像机\n最低照度: 0.01 Lux @（F1.2，AGC ON），0 Lux with IR\n宽动态: 120 dB \n焦距&视场角:  \n4 mm @F2.0，水平视场角：87.2°，垂直视场角：46.2°，对角线视场角：104.8°\n6 mm @F2.0，水平视场角：53.9°，垂直视场角：28.8°，对角线视场角：62.8°\n8 mm @F1.6，水平视场角：40.9°，垂直视场角：22.5°，对角线视场角：47.4°\n12 mm @F1.6，水平视场角：25.4°，垂直视场角：14.4°，对角线视场角：29.1°\n红外距离: 最远可达30 m\n波长范围: 850 nm\n防补光过曝: 支持\n最大图像尺寸: 1920 × 1080\n视频压缩标准: 主码流：H.265/H.264\n网络存储: NAS（NFS，SMB/CIFS均支持）\n网络: 1个RJ45 10 M/100 M自适应以太网口\n存储温湿度: -30 ℃~60 ℃，湿度小于95%（无凝结）\n启动及工作温湿度: -30 ℃~60 ℃，湿度小于95%（无凝结）\n供电方式: DC：12 V ± 25%，支持防反接保护；PoE(802.3af)\n电流及功耗: DC：12 V，0.34 A，最大功耗：4 W；PoE：802.3af，36 V~57 V，0.13 A~0.08 A，最大功耗：5 W \n电源接口类型: Ø5.5 mm圆口\n产品尺寸: 194 × 93.9 × 93.5 mm\n包装尺寸: 235 × 120 × 125 mm\n设备重量: 750 g\n带包装重量: 870 g\n防护: IP67', '265.00', '3180.00', '', '24个月', '', 'http://218.87.96.53:8006/images/dea5e369-8a3e-47c2-a8bc-60704e39d557.jpeg', '1629745641', '0', '0', '1', '1604564582692');
INSERT INTO `quote` VALUES ('1861292183', '海康威视', 'DS-1292ZJ', '海康威视', '壁装支架/海康白/铝合金/尺寸70×97.1×173.4mm', '20.00', '240.00', '', '24个月', '', 'http://218.87.96.53:8006/images/cb842f7f-2302-4529-9375-afddee6633d9.jpeg', '281622991', '0', '0', '1', '1604560702982');
INSERT INTO `quote` VALUES ('1869871032', '海康威视', 'DS-1292ZJ', '海康威视', '壁装支架/海康白/铝合金/尺寸70×97.1×173.4mm', '20.00', '240.00', '', '24个月', '', 'http://218.87.96.53:8006/images/海康威视枪机支架报价设备图.jpeg4bc38ff1-eef1-4b4d-99ed-91b0e647ebac.jpeg', '281622991', '0', '0', '1', '1604561617015');
INSERT INTO `quote` VALUES ('1877916082', '海康威视', '无POE', '', '', '0.00', '0.00', '', '', '', '', '445806086', '0', '0', '1', '1604564582692');
INSERT INTO `quote` VALUES ('1889628295', '海康威视', 'ST4000VX000-520', '', '4TB/64MB(6Gb/秒 NCQ)/5900RPM/SATA3', '610.00', '2440.00', '', '24个月', '', '', '808189150', '0', '0', '1', '1604565447005');
INSERT INTO `quote` VALUES ('1889712947', '海康威视', 'DS-2CD2T25-I3', '海康威视', '200万 1/2.7\" CMOS ICR红外阵列筒型网络摄像机\n最低照度: 0.01 Lux @（F1.2，AGC ON），0 Lux with IR\n宽动态: 120 dB \n焦距&视场角:  \n4 mm @F2.0，水平视场角：87.2°，垂直视场角：46.2°，对角线视场角：104.8°\n6 mm @F2.0，水平视场角：53.9°，垂直视场角：28.8°，对角线视场角：62.8°\n8 mm @F1.6，水平视场角：40.9°，垂直视场角：22.5°，对角线视场角：47.4°\n12 mm @F1.6，水平视场角：25.4°，垂直视场角：14.4°，对角线视场角：29.1°\n红外距离: 最远可达30 m\n波长范围: 850 nm\n防补光过曝: 支持\n最大图像尺寸: 1920 × 1080\n视频压缩标准: 主码流：H.265/H.264\n网络存储: NAS（NFS，SMB/CIFS均支持）\n网络: 1个RJ45 10 M/100 M自适应以太网口\n存储温湿度: -30 ℃~60 ℃，湿度小于95%（无凝结）\n启动及工作温湿度: -30 ℃~60 ℃，湿度小于95%（无凝结）\n供电方式: DC：12 V ± 25%，支持防反接保护；PoE(802.3af)\n电流及功耗: DC：12 V，0.34 A，最大功耗：4 W；PoE：802.3af，36 V~57 V，0.13 A~0.08 A，最大功耗：5 W \n电源接口类型: Ø5.5 mm圆口\n产品尺寸: 194 × 93.9 × 93.5 mm\n包装尺寸: 235 × 120 × 125 mm\n设备重量: 750 g\n带包装重量: 870 g\n防护: IP67', '265.00', '3180.00', '', '24个月', '', 'http://218.87.96.53:8006/images/海康威视200万高清网络\n红外枪机报价设备图.jpeg1ce1a34a-83e4-4dc0-9060-ea696b063fac.jpeg', '1629745641', '0', '0', '1', '1604561617015');
INSERT INTO `quote` VALUES ('1918103198', '海康威视', 'DS-1292ZJ', '海康威视', '壁装支架/海康白/铝合金/尺寸70×97.1×173.4mm', '20.00', '240.00', '', '24个月', '', 'http://218.87.96.53:8006/images/b69189d2-348c-47f1-88d9-8adb28e61199.jpeg', '281622991', '0', '0', '1', '1604559604104');
INSERT INTO `quote` VALUES ('1973323921', '海康威视', 'DS-1292ZJ', '海康威视', '壁装支架/海康白/铝合金/尺寸70×97.1×173.4mm', '20.00', '240.00', '', '24个月', '', 'http://218.87.96.53:8006/images/9923587d-c3fc-4bdd-a480-7bdb6e1b2174.jpeg', '281622991', '0', '0', '1', '1604562209741');
INSERT INTO `quote` VALUES ('2038573855', '海康威视', '', '海康威视', 'HDMI电缆,15m,黑色', '600.00', '600.00', '', '12个月', '', '', '397902216', '1', '0', '1', '1604565874372');
INSERT INTO `quote` VALUES ('2047632868', '海康威视', 'DS-2CD2T25-I3', '海康威视', '200万 1/2.7\" CMOS ICR红外阵列筒型网络摄像机\n最低照度: 0.01 Lux @（F1.2，AGC ON），0 Lux with IR\n宽动态: 120 dB \n焦距&视场角:  \n4 mm @F2.0，水平视场角：87.2°，垂直视场角：46.2°，对角线视场角：104.8°\n6 mm @F2.0，水平视场角：53.9°，垂直视场角：28.8°，对角线视场角：62.8°\n8 mm @F1.6，水平视场角：40.9°，垂直视场角：22.5°，对角线视场角：47.4°\n12 mm @F1.6，水平视场角：25.4°，垂直视场角：14.4°，对角线视场角：29.1°\n红外距离: 最远可达30 m\n波长范围: 850 nm\n防补光过曝: 支持\n最大图像尺寸: 1920 × 1080\n视频压缩标准: 主码流：H.265/H.264\n网络存储: NAS（NFS，SMB/CIFS均支持）\n网络: 1个RJ45 10 M/100 M自适应以太网口\n存储温湿度: -30 ℃~60 ℃，湿度小于95%（无凝结）\n启动及工作温湿度: -30 ℃~60 ℃，湿度小于95%（无凝结）\n供电方式: DC：12 V ± 25%，支持防反接保护；PoE(802.3af)\n电流及功耗: DC：12 V，0.34 A，最大功耗：4 W；PoE：802.3af，36 V~57 V，0.13 A~0.08 A，最大功耗：5 W \n电源接口类型: Ø5.5 mm圆口\n产品尺寸: 194 × 93.9 × 93.5 mm\n包装尺寸: 235 × 120 × 125 mm\n设备重量: 750 g\n带包装重量: 870 g\n防护: IP67', '265.00', '3180.00', '', '24个月', '', 'http://218.87.96.53:8006/images/bfe4b7c4-4903-4d31-8457-bcb1adcdd9bc.jpeg', '1629745641', '0', '0', '1', '1604564886398');
INSERT INTO `quote` VALUES ('2083240890', '海康威视', 'DS-1292ZJ', '海康威视', '壁装支架/海康白/铝合金/尺寸70×97.1×173.4mm', '20.00', '240.00', '', '24个月', '', 'http://218.87.96.53:8006/images/098dc36b-c80f-4edf-8893-f928a36c5e00.jpeg', '281622991', '1', '0', '1', '1604565874372');
INSERT INTO `quote` VALUES ('2108289738', '海康威视', 'DS-D5043FL/S', '海康威视', '43寸液晶监视器，金属外观，\n显示：LED背光；分辨率1920×1080；\n亮度400cd/㎡，对比度4000:1，功耗≤80W，\n裸机尺寸(W×L×D)(mm)：996.4mm(W)*590.8mm(H)*48.6mm(D) ，\n接口：\n音视频输入接口：VGA × 1、DVI × 1、HDMI × 1、BNC IN (SDI 信号) × 1\n音视频输出接口：BNC OUT (SDI 信号) × 1、内置扬声器5 W × 2\n数据传输接口：USB × 1\n控制接口：RS-232 IN × 1、RS-232 OUT × 1\n标准配置：\n装箱清单：遥控器 × 1、串口转接器 × 1、碳性干电池 × 2、电源线 × 1、光盘 × 1、保修\n卡 × 1、合格证 × 1、元素表 × 1、壁挂螺丝包（内含4 颗螺丝）× 1\n*出货不带底座，不带壁挂支架、底座和壁挂需要单独下单，', '2950.00', '2950.00', '', '24个月', '', 'http://218.87.96.53:8006/images/a304e13a-0516-470a-875d-24feb65664c9.jpeg', '125773725', '0', '0', '1', '1604559532416');
INSERT INTO `quote` VALUES ('2125165655', '海康威视', 'ST4000VX000-520', '', '4TB/64MB(6Gb/秒 NCQ)/5900RPM/SATA3', '610.00', '2440.00', '', '24个月', '', '', '808189150', '0', '0', '1', '1604560337793');
INSERT INTO `quote` VALUES ('2138220846', '海康威视', 'DS-2CD2T25-I3', '海康威视', '200万 1/2.7\" CMOS ICR红外阵列筒型网络摄像机\n最低照度: 0.01 Lux @（F1.2，AGC ON），0 Lux with IR\n宽动态: 120 dB \n焦距&视场角:  \n4 mm @F2.0，水平视场角：87.2°，垂直视场角：46.2°，对角线视场角：104.8°\n6 mm @F2.0，水平视场角：53.9°，垂直视场角：28.8°，对角线视场角：62.8°\n8 mm @F1.6，水平视场角：40.9°，垂直视场角：22.5°，对角线视场角：47.4°\n12 mm @F1.6，水平视场角：25.4°，垂直视场角：14.4°，对角线视场角：29.1°\n红外距离: 最远可达30 m\n波长范围: 850 nm\n防补光过曝: 支持\n最大图像尺寸: 1920 × 1080\n视频压缩标准: 主码流：H.265/H.264\n网络存储: NAS（NFS，SMB/CIFS均支持）\n网络: 1个RJ45 10 M/100 M自适应以太网口\n存储温湿度: -30 ℃~60 ℃，湿度小于95%（无凝结）\n启动及工作温湿度: -30 ℃~60 ℃，湿度小于95%（无凝结）\n供电方式: DC：12 V ± 25%，支持防反接保护；PoE(802.3af)\n电流及功耗: DC：12 V，0.34 A，最大功耗：4 W；PoE：802.3af，36 V~57 V，0.13 A~0.08 A，最大功耗：5 W \n电源接口类型: Ø5.5 mm圆口\n产品尺寸: 194 × 93.9 × 93.5 mm\n包装尺寸: 235 × 120 × 125 mm\n设备重量: 750 g\n带包装重量: 870 g\n防护: IP67', '265.00', '3180.00', '', '24个月', '', 'http://218.87.96.53:8006/images/576d6d0e-dce6-485a-9389-01b2f3dc2a15.jpeg', '1629745641', '0', '0', '1', '1604559532416');

-- ----------------------------
-- Table structure for sys_device_type
-- ----------------------------
DROP TABLE IF EXISTS `sys_device_type`;
CREATE TABLE `sys_device_type` (
  `id` bigint(40) NOT NULL COMMENT '编号',
  `name` varchar(255) DEFAULT NULL COMMENT '设备分类名称',
  `code` int(10) DEFAULT NULL COMMENT '设备分类编码',
  `is_active` int(10) DEFAULT NULL COMMENT '是否有效',
  `is_useful` int(10) DEFAULT NULL COMMENT '是否被使用',
  `operator` bigint(40) DEFAULT NULL COMMENT '操作者',
  `time` bigint(40) DEFAULT NULL COMMENT '操作时间',
  PRIMARY KEY (`id`)
) ENGINE=InnoDB DEFAULT CHARSET=utf8;

-- ----------------------------
-- Records of sys_device_type
-- ----------------------------

-- ----------------------------
-- Table structure for sys_file
-- ----------------------------
DROP TABLE IF EXISTS `sys_file`;
CREATE TABLE `sys_file` (
  `id` bigint(40) NOT NULL COMMENT '编号',
  `name` varchar(255) DEFAULT NULL COMMENT '名称',
  `url` varchar(255) DEFAULT NULL,
  `type` int(10) DEFAULT NULL COMMENT '0-项目文件1-,询价文件,2-技术文件,3-报价文件',
  `other_id` bigint(40) DEFAULT NULL COMMENT '外键',
  `is_active` int(10) DEFAULT NULL COMMENT '是否有效',
  `is_useful` int(10) DEFAULT NULL COMMENT '是否被使用',
  `operator` bigint(40) DEFAULT NULL COMMENT '操作者',
  `time` bigint(40) DEFAULT NULL COMMENT '操作时间',
  PRIMARY KEY (`id`)
) ENGINE=InnoDB DEFAULT CHARSET=utf8;

-- ----------------------------
-- Records of sys_file
-- ----------------------------
INSERT INTO `sys_file` VALUES ('72376768', 'e057aa5a-7e41-4a5a-ae73-b6dabe1084e4.xls', 'http://218.87.96.53:8006/images/e057aa5a-7e41-4a5a-ae73-b6dabe1084e4.xls', '3', '458338182', '1', '1', '1', '1604564582692');
INSERT INTO `sys_file` VALUES ('131910398', '天联.xls', 'http://218.87.96.53:8006/images/d7e89c1c-8f59-46fc-b0b2-084f3b393d11.xls', '3', '1815104794', '1', '1', '1', '1604562938210');
INSERT INTO `sys_file` VALUES ('165934366', 'bc4800f6-1642-475f-bb95-45ad95791b62.xls', 'http://218.87.96.53:8006/images/bc4800f6-1642-475f-bb95-45ad95791b62.xls', '3', '1392352215', '1', '1', '1', '1604563247899');
INSERT INTO `sys_file` VALUES ('242924620', 'bc4800f6-1642-475f-bb95-45ad95791b62.xls', 'http://218.87.96.53:8006/images/bc4800f6-1642-475f-bb95-45ad95791b62.xls', '3', '1728841283', '1', '1', '1', '1604563247899');
INSERT INTO `sys_file` VALUES ('306568067', '调试(1).xls40463ee1-f1fa-4e06-8528-ced99bc13e7c.xls', 'http://218.87.96.53:8006/images/调试(1).xls40463ee1-f1fa-4e06-8528-ced99bc13e7c.xls', '3', '143407958', '1', '1', '1', '1604561617015');
INSERT INTO `sys_file` VALUES ('314678797', '调试(1).xls40463ee1-f1fa-4e06-8528-ced99bc13e7c.xls', 'http://218.87.96.53:8006/images/调试(1).xls40463ee1-f1fa-4e06-8528-ced99bc13e7c.xls', '3', '352840198', '1', '1', '1', '1604561617015');
INSERT INTO `sys_file` VALUES ('343751791', 'd5141e90-6906-482a-8629-9b3a253f0d9b.xls', 'http://218.87.96.53:8006/images/d5141e90-6906-482a-8629-9b3a253f0d9b.xls', '3', '327241744', '1', '1', '1', '1604564886398');
INSERT INTO `sys_file` VALUES ('406879682', '数据-询价模板.xls', 'http://218.87.96.53:8006/images/07217599-54b1-4515-acb7-329736161278.xls', '2', '259422098', '1', '1', '1', '1604562136302');
INSERT INTO `sys_file` VALUES ('413720389', 'c64c9e5c-70a0-4762-ab69-165518545065.xls', 'http://218.87.96.53:8006/images/c64c9e5c-70a0-4762-ab69-165518545065.xls', '3', '267484162', '1', '1', '1', '1604562209741');
INSERT INTO `sys_file` VALUES ('517985398', 'c64c9e5c-70a0-4762-ab69-165518545065.xls', 'http://218.87.96.53:8006/images/c64c9e5c-70a0-4762-ab69-165518545065.xls', '3', '1812799545', '1', '1', '1', '1604562209741');
INSERT INTO `sys_file` VALUES ('571711067', 'e057aa5a-7e41-4a5a-ae73-b6dabe1084e4.xls', 'http://218.87.96.53:8006/images/e057aa5a-7e41-4a5a-ae73-b6dabe1084e4.xls', '3', '1462128299', '1', '1', '1', '1604564582692');
INSERT INTO `sys_file` VALUES ('665231291', 'e53bc9d0-bdb7-4054-bd75-160a36d6605c.xls', 'http://218.87.96.53:8006/images/e53bc9d0-bdb7-4054-bd75-160a36d6605c.xls', '3', '1617189626', '1', '1', '1', '1604565447005');
INSERT INTO `sys_file` VALUES ('666322258', 'e53bc9d0-bdb7-4054-bd75-160a36d6605c.xls', 'http://218.87.96.53:8006/images/e53bc9d0-bdb7-4054-bd75-160a36d6605c.xls', '3', '898562025', '1', '1', '1', '1604565447005');
INSERT INTO `sys_file` VALUES ('674215554', 'd5141e90-6906-482a-8629-9b3a253f0d9b.xls', 'http://218.87.96.53:8006/images/d5141e90-6906-482a-8629-9b3a253f0d9b.xls', '3', '919536327', '1', '1', '1', '1604564886398');
INSERT INTO `sys_file` VALUES ('693941903', 'd5141e90-6906-482a-8629-9b3a253f0d9b.xls', 'http://218.87.96.53:8006/images/d5141e90-6906-482a-8629-9b3a253f0d9b.xls', '3', '540106134', '1', '1', '1', '1604564886398');
INSERT INTO `sys_file` VALUES ('747605704', '调试(1).xls40463ee1-f1fa-4e06-8528-ced99bc13e7c.xls', 'http://218.87.96.53:8006/images/调试(1).xls40463ee1-f1fa-4e06-8528-ced99bc13e7c.xls', '3', '1869871032', '1', '1', '1', '1604561617015');
INSERT INTO `sys_file` VALUES ('760984523', 'c64c9e5c-70a0-4762-ab69-165518545065.xls', 'http://218.87.96.53:8006/images/c64c9e5c-70a0-4762-ab69-165518545065.xls', '3', '279866833', '1', '1', '1', '1604562209741');
INSERT INTO `sys_file` VALUES ('787293523', 'e057aa5a-7e41-4a5a-ae73-b6dabe1084e4.xls', 'http://218.87.96.53:8006/images/e057aa5a-7e41-4a5a-ae73-b6dabe1084e4.xls', '3', '37926294', '1', '1', '1', '1604564582692');
INSERT INTO `sys_file` VALUES ('813999726', 'a2720d4b-22a6-445a-8fb4-d0ba54e320b0.xls', 'http://218.87.96.53:8006/images/a2720d4b-22a6-445a-8fb4-d0ba54e320b0.xls', '3', '1785492901', '1', '1', '1', '1604565874372');
INSERT INTO `sys_file` VALUES ('842966855', 'bc4800f6-1642-475f-bb95-45ad95791b62.xls', 'http://218.87.96.53:8006/images/bc4800f6-1642-475f-bb95-45ad95791b62.xls', '3', '1706813416', '1', '1', '1', '1604563247899');
INSERT INTO `sys_file` VALUES ('940672414', '天联.xls', 'http://218.87.96.53:8006/images/54897307-242e-4f2a-aedd-420f4984c5e9.xls', '2', '1815104794', '1', '1', '1', '1604562403793');
INSERT INTO `sys_file` VALUES ('1005697114', 'e057aa5a-7e41-4a5a-ae73-b6dabe1084e4.xls', 'http://218.87.96.53:8006/images/e057aa5a-7e41-4a5a-ae73-b6dabe1084e4.xls', '3', '1858327068', '1', '1', '1', '1604564582692');
INSERT INTO `sys_file` VALUES ('1009786928', 'bc4800f6-1642-475f-bb95-45ad95791b62.xls', 'http://218.87.96.53:8006/images/bc4800f6-1642-475f-bb95-45ad95791b62.xls', '3', '1334600757', '1', '1', '1', '1604563247899');
INSERT INTO `sys_file` VALUES ('1010205035', 'e53bc9d0-bdb7-4054-bd75-160a36d6605c.xls', 'http://218.87.96.53:8006/images/e53bc9d0-bdb7-4054-bd75-160a36d6605c.xls', '3', '315428019', '1', '1', '1', '1604565447005');
INSERT INTO `sys_file` VALUES ('1036186564', 'bc4800f6-1642-475f-bb95-45ad95791b62.xls', 'http://218.87.96.53:8006/images/bc4800f6-1642-475f-bb95-45ad95791b62.xls', '3', '352322937', '1', '1', '1', '1604563247899');
INSERT INTO `sys_file` VALUES ('1117502438', 'c64c9e5c-70a0-4762-ab69-165518545065.xls', 'http://218.87.96.53:8006/images/c64c9e5c-70a0-4762-ab69-165518545065.xls', '3', '1973323921', '1', '1', '1', '1604562209741');
INSERT INTO `sys_file` VALUES ('1134187418', 'e53bc9d0-bdb7-4054-bd75-160a36d6605c.xls', 'http://218.87.96.53:8006/images/e53bc9d0-bdb7-4054-bd75-160a36d6605c.xls', '3', '1668864429', '1', '1', '1', '1604565447005');
INSERT INTO `sys_file` VALUES ('1138254776', 'a2720d4b-22a6-445a-8fb4-d0ba54e320b0.xls', 'http://218.87.96.53:8006/images/a2720d4b-22a6-445a-8fb4-d0ba54e320b0.xls', '3', '2083240890', '1', '1', '1', '1604565874372');
INSERT INTO `sys_file` VALUES ('1197487685', '调试(1).xls40463ee1-f1fa-4e06-8528-ced99bc13e7c.xls', 'http://218.87.96.53:8006/images/调试(1).xls40463ee1-f1fa-4e06-8528-ced99bc13e7c.xls', '3', '831934497', '1', '1', '1', '1604561617015');
INSERT INTO `sys_file` VALUES ('1211870735', '调试(1).xls', 'http://218.87.96.53:8006/images/44d49730-058c-4670-ac47-be838f930421.xls', '3', '259422098', '1', '1', '1', '1604562136302');
INSERT INTO `sys_file` VALUES ('1288933536', 'c64c9e5c-70a0-4762-ab69-165518545065.xls', 'http://218.87.96.53:8006/images/c64c9e5c-70a0-4762-ab69-165518545065.xls', '3', '1638552919', '1', '1', '1', '1604562209741');
INSERT INTO `sys_file` VALUES ('1313039205', 'd5141e90-6906-482a-8629-9b3a253f0d9b.xls', 'http://218.87.96.53:8006/images/d5141e90-6906-482a-8629-9b3a253f0d9b.xls', '3', '548055055', '1', '1', '1', '1604564886398');
INSERT INTO `sys_file` VALUES ('1380901873', 'e53bc9d0-bdb7-4054-bd75-160a36d6605c.xls', 'http://218.87.96.53:8006/images/e53bc9d0-bdb7-4054-bd75-160a36d6605c.xls', '3', '728128060', '1', '1', '1', '1604565447005');
INSERT INTO `sys_file` VALUES ('1382057545', 'c64c9e5c-70a0-4762-ab69-165518545065.xls', 'http://218.87.96.53:8006/images/c64c9e5c-70a0-4762-ab69-165518545065.xls', '3', '992822109', '1', '1', '1', '1604562209741');
INSERT INTO `sys_file` VALUES ('1477083414', '调试(1).xls40463ee1-f1fa-4e06-8528-ced99bc13e7c.xls', 'http://218.87.96.53:8006/images/调试(1).xls40463ee1-f1fa-4e06-8528-ced99bc13e7c.xls', '3', '1000010624', '1', '1', '1', '1604561617015');
INSERT INTO `sys_file` VALUES ('1528044668', 'bc4800f6-1642-475f-bb95-45ad95791b62.xls', 'http://218.87.96.53:8006/images/bc4800f6-1642-475f-bb95-45ad95791b62.xls', '3', '807308228', '1', '1', '1', '1604563247899');
INSERT INTO `sys_file` VALUES ('1549461368', 'bc4800f6-1642-475f-bb95-45ad95791b62.xls', 'http://218.87.96.53:8006/images/bc4800f6-1642-475f-bb95-45ad95791b62.xls', '3', '727618919', '1', '1', '1', '1604563247899');
INSERT INTO `sys_file` VALUES ('1557177473', 'e53bc9d0-bdb7-4054-bd75-160a36d6605c.xls', 'http://218.87.96.53:8006/images/e53bc9d0-bdb7-4054-bd75-160a36d6605c.xls', '3', '707043572', '1', '1', '1', '1604565447005');
INSERT INTO `sys_file` VALUES ('1557214147', 'd5141e90-6906-482a-8629-9b3a253f0d9b.xls', 'http://218.87.96.53:8006/images/d5141e90-6906-482a-8629-9b3a253f0d9b.xls', '3', '1164095531', '1', '1', '1', '1604564886398');
INSERT INTO `sys_file` VALUES ('1608861437', '天联.xls', 'http://218.87.96.53:8006/images/f47c929c-d77b-4cd1-8c40-9ed72a929978.xls', '2', '1815104794', '1', '1', '1', '1604562354879');
INSERT INTO `sys_file` VALUES ('1610694624', 'e057aa5a-7e41-4a5a-ae73-b6dabe1084e4.xls', 'http://218.87.96.53:8006/images/e057aa5a-7e41-4a5a-ae73-b6dabe1084e4.xls', '3', '1119064531', '1', '1', '1', '1604564582692');
INSERT INTO `sys_file` VALUES ('1704589748', 'd5141e90-6906-482a-8629-9b3a253f0d9b.xls', 'http://218.87.96.53:8006/images/d5141e90-6906-482a-8629-9b3a253f0d9b.xls', '3', '2047632868', '1', '1', '1', '1604564886398');
INSERT INTO `sys_file` VALUES ('1757419683', 'a2720d4b-22a6-445a-8fb4-d0ba54e320b0.xls', 'http://218.87.96.53:8006/images/a2720d4b-22a6-445a-8fb4-d0ba54e320b0.xls', '3', '2038573855', '1', '1', '1', '1604565874372');
INSERT INTO `sys_file` VALUES ('1762205473', 'a2720d4b-22a6-445a-8fb4-d0ba54e320b0.xls', 'http://218.87.96.53:8006/images/a2720d4b-22a6-445a-8fb4-d0ba54e320b0.xls', '3', '901270339', '1', '1', '1', '1604565874372');
INSERT INTO `sys_file` VALUES ('1781630943', 'd5141e90-6906-482a-8629-9b3a253f0d9b.xls', 'http://218.87.96.53:8006/images/d5141e90-6906-482a-8629-9b3a253f0d9b.xls', '3', '1582231139', '1', '1', '1', '1604564886398');
INSERT INTO `sys_file` VALUES ('1816156852', 'e057aa5a-7e41-4a5a-ae73-b6dabe1084e4.xls', 'http://218.87.96.53:8006/images/e057aa5a-7e41-4a5a-ae73-b6dabe1084e4.xls', '3', '1877916082', '1', '1', '1', '1604564582692');
INSERT INTO `sys_file` VALUES ('1921553953', 'e53bc9d0-bdb7-4054-bd75-160a36d6605c.xls', 'http://218.87.96.53:8006/images/e53bc9d0-bdb7-4054-bd75-160a36d6605c.xls', '3', '1889628295', '1', '1', '1', '1604565447005');
INSERT INTO `sys_file` VALUES ('1983231975', '调试(1).xls40463ee1-f1fa-4e06-8528-ced99bc13e7c.xls', 'http://218.87.96.53:8006/images/调试(1).xls40463ee1-f1fa-4e06-8528-ced99bc13e7c.xls', '3', '1889712947', '1', '1', '1', '1604561617015');
INSERT INTO `sys_file` VALUES ('1987544070', 'e057aa5a-7e41-4a5a-ae73-b6dabe1084e4.xls', 'http://218.87.96.53:8006/images/e057aa5a-7e41-4a5a-ae73-b6dabe1084e4.xls', '3', '739777764', '1', '1', '1', '1604564582692');
INSERT INTO `sys_file` VALUES ('2011954965', 'a2720d4b-22a6-445a-8fb4-d0ba54e320b0.xls', 'http://218.87.96.53:8006/images/a2720d4b-22a6-445a-8fb4-d0ba54e320b0.xls', '3', '1012661884', '1', '1', '1', '1604565874372');
INSERT INTO `sys_file` VALUES ('2047149619', 'a2720d4b-22a6-445a-8fb4-d0ba54e320b0.xls', 'http://218.87.96.53:8006/images/a2720d4b-22a6-445a-8fb4-d0ba54e320b0.xls', '3', '807369647', '1', '1', '1', '1604565874372');
INSERT INTO `sys_file` VALUES ('2049780699', 'a2720d4b-22a6-445a-8fb4-d0ba54e320b0.xls', 'http://218.87.96.53:8006/images/a2720d4b-22a6-445a-8fb4-d0ba54e320b0.xls', '3', '572052596', '1', '1', '1', '1604565874372');

-- ----------------------------
-- Table structure for sys_log
-- ----------------------------
DROP TABLE IF EXISTS `sys_log`;
CREATE TABLE `sys_log` (
  `id` bigint(40) NOT NULL COMMENT '日志编号',
  `content` text COMMENT '日志内容',
  `active_time` bigint(40) DEFAULT NULL COMMENT '日志生成时间',
  `is_active` int(10) DEFAULT NULL COMMENT '是否有效',
  `is_useful` int(10) DEFAULT NULL COMMENT '是否被使用',
  `operator` bigint(40) DEFAULT NULL COMMENT '操作者',
  `time` bigint(40) DEFAULT NULL COMMENT '操作时间',
  PRIMARY KEY (`id`)
) ENGINE=InnoDB DEFAULT CHARSET=utf8;

-- ----------------------------
-- Records of sys_log
-- ----------------------------

-- ----------------------------
-- Table structure for sys_privilege
-- ----------------------------
DROP TABLE IF EXISTS `sys_privilege`;
CREATE TABLE `sys_privilege` (
  `id` bigint(40) NOT NULL AUTO_INCREMENT COMMENT '权限编号',
  `name` varchar(255) DEFAULT NULL COMMENT '权限名',
  `type` varchar(255) DEFAULT NULL COMMENT '权限类型',
  `parent_id` bigint(40) DEFAULT NULL COMMENT '父权限编号',
  `icon` varchar(255) DEFAULT NULL COMMENT '图标',
  `route` varchar(255) DEFAULT NULL COMMENT '路由',
  `remark` varchar(255) DEFAULT NULL COMMENT '备注',
  `is_active` int(10) DEFAULT NULL COMMENT '是否有效',
  `is_useful` int(10) DEFAULT NULL COMMENT '是否被使用',
  `operator` bigint(40) DEFAULT NULL COMMENT '操作者',
  `time` bigint(40) DEFAULT NULL COMMENT '操作时间',
  PRIMARY KEY (`id`)
) ENGINE=InnoDB AUTO_INCREMENT=77 DEFAULT CHARSET=utf8;

-- ----------------------------
-- Records of sys_privilege
-- ----------------------------
INSERT INTO `sys_privilege` VALUES ('1', '用户管理', 'parent', null, 'user', '/user/list', null, null, null, null, null);
INSERT INTO `sys_privilege` VALUES ('2', '角色管理', 'parent', null, 'peoples', '/role/list', null, null, null, null, null);
INSERT INTO `sys_privilege` VALUES ('3', '权限管理', 'parent', null, 'lock', '/privilege/list', null, null, null, null, null);
INSERT INTO `sys_privilege` VALUES ('4', '通过token获取用户信息', 'method', '1', null, '/user/info', null, null, null, null, null);
INSERT INTO `sys_privilege` VALUES ('5', '查询用户动态菜单栏', 'method', '1', null, '/user/findMenuByUserId', null, null, null, null, null);
INSERT INTO `sys_privilege` VALUES ('6', '级联查询所有权限', 'method', '2', null, '/role/cascadePrivilegeFindAll', null, null, null, null, null);
INSERT INTO `sys_privilege` VALUES ('7', '查询权限树', 'method', '3', null, '/privilege/findPrivilegeTree', null, null, null, null, null);
INSERT INTO `sys_privilege` VALUES ('8', '授权', 'method', '2', null, '/role/authorization', null, null, null, null, null);
INSERT INTO `sys_privilege` VALUES ('9', '用户管理', 'menu', '1', '', '/user/list', '', null, null, null, null);
INSERT INTO `sys_privilege` VALUES ('10', '角色管理', 'menu', '2', '', '/role/list', '', null, null, null, null);
INSERT INTO `sys_privilege` VALUES ('11', '权限管理', 'menu', '3', '', '/privilege/list', '', null, null, null, null);
INSERT INTO `sys_privilege` VALUES ('12', '查询所有权限', 'method', '3', null, '/privilege/findByParentId', null, null, null, null, null);
INSERT INTO `sys_privilege` VALUES ('13', '新增/修改权限', 'method', '3', null, '/privilege/saveOrUpdate', null, null, null, null, null);
INSERT INTO `sys_privilege` VALUES ('14', '级联查询所有角色', 'method', '1', null, '/user/cascadeRoleFindAll', null, null, null, null, null);
INSERT INTO `sys_privilege` VALUES ('15', '新增修改角色', 'method', '2', null, '/role/saveOrUpdate', null, null, null, null, null);
INSERT INTO `sys_privilege` VALUES ('16', '查询所有角色', 'method', '2', null, '/role/findAll', null, null, null, null, null);
INSERT INTO `sys_privilege` VALUES ('17', '新增/修改用户', 'method', '1', null, '/user/saveOrUpdate', null, null, null, null, null);
INSERT INTO `sys_privilege` VALUES ('18', '项目管理', 'parent', null, 'clipboard', '/project/list', null, null, null, null, null);
INSERT INTO `sys_privilege` VALUES ('19', '项目分类管理', 'menu', '18', '', '/project/type/list', '', null, null, null, null);
INSERT INTO `sys_privilege` VALUES ('20', '给用户设置角色', 'method', '1', null, '/user/setRoles', null, null, null, null, null);
INSERT INTO `sys_privilege` VALUES ('21', '项目来源管理', 'menu', '18', null, '/project/origin/list', null, null, null, null, null);
INSERT INTO `sys_privilege` VALUES ('22', '项目详情管理', 'menu', '18', null, '/project/detail/list', null, null, null, null, null);
INSERT INTO `sys_privilege` VALUES ('23', '查询所有项目来源', 'method', '18', null, '/project/origin/findAll', null, null, null, null, null);
INSERT INTO `sys_privilege` VALUES ('24', '新增或修改项目来源', 'method', '18', '', '/project/origin/saveOrUpdate', '', null, null, null, null);
INSERT INTO `sys_privilege` VALUES ('25', '逻辑删除项目来源', 'method', '18', '', '/project/origin/logicDeleteById', '', null, null, null, null);
INSERT INTO `sys_privilege` VALUES ('26', '查询所有项目分类', 'method', '18', null, '/project/type/findAll', null, null, null, null, null);
INSERT INTO `sys_privilege` VALUES ('27', '新增或修改项目分类', 'method', '18', null, '/project/type/saveOrUpdate', null, null, null, null, null);
INSERT INTO `sys_privilege` VALUES ('28', '逻辑删除项目分类', 'method', '18', null, 'project/type/logicDeleteById', null, null, null, null, null);
INSERT INTO `sys_privilege` VALUES ('29', '询价管理', 'parent', null, 'message', '/inquiry/list', null, null, null, null, null);
INSERT INTO `sys_privilege` VALUES ('30', '询价函管理', 'menu', '29', '', '/inquiry/inquiry/list', '', null, null, null, null);
INSERT INTO `sys_privilege` VALUES ('31', '新增/修改询价', 'hiddenMenu', '29', null, '/inquiry/eidtor', null, null, null, null, null);
INSERT INTO `sys_privilege` VALUES ('32', '查询所有项目', 'method', '18', null, '/project/detail/findByAll', null, null, null, null, null);
INSERT INTO `sys_privilege` VALUES ('33', '通过项目详情ID查询询价内容', 'method', '29', '', '/inquiry/findByProDetailId', '', null, null, null, null);
INSERT INTO `sys_privilege` VALUES ('34', '刷新token', 'method', '1', null, '/user/refreshToken', null, null, null, null, null);
INSERT INTO `sys_privilege` VALUES ('35', '新增或修改询价内容', 'method', '29', null, '/inquiry/saveOrUpdate', null, null, null, null, null);
INSERT INTO `sys_privilege` VALUES ('36', '新增或修改项目详情', 'method', '18', null, '/project/detail/saveOrUpdate', null, null, null, null, null);
INSERT INTO `sys_privilege` VALUES ('37', '设备类型管理', 'parent', null, 'example', '/deviceType/list', '', null, null, null, null);
INSERT INTO `sys_privilege` VALUES ('38', '模糊查询设备类型', 'method', '37', null, '/deviceType/findAllLike', null, null, null, null, null);
INSERT INTO `sys_privilege` VALUES ('39', '设备类型管理', 'menu', '37', null, '/deviceType/list', null, null, null, null, null);
INSERT INTO `sys_privilege` VALUES ('40', '级联角色查询项目审核信息', 'method', '18', null, '/project/check/cascadeRoleFindAll', null, null, null, null, null);
INSERT INTO `sys_privilege` VALUES ('41', '查询所有审核名', 'method', '2', null, '/role/selectAllHasCheckName', null, null, null, null, null);
INSERT INTO `sys_privilege` VALUES ('42', '审核管理', 'parent', null, 'eye-open', '/proCheck/list', '', null, null, null, null);
INSERT INTO `sys_privilege` VALUES ('43', '技术审核', 'menu', '42', '', '/proCheck/technology', '', null, null, null, null);
INSERT INTO `sys_privilege` VALUES ('44', '商务审核', 'menu', '42', null, '/proCheck/business', null, null, null, null, null);
INSERT INTO `sys_privilege` VALUES ('45', '最终审核', 'menu', '42', '', '/proCheck/final', '', null, null, null, null);
INSERT INTO `sys_privilege` VALUES ('46', '级联角色、询价（或项目）查询所有信息', 'method', '42', null, '/proCheck/cascadeFindAllByCheckName', null, null, null, null, null);
INSERT INTO `sys_privilege` VALUES ('47', '批量审核', 'method', '42', null, '/proCheck/batchCheck', null, null, null, null, null);
INSERT INTO `sys_privilege` VALUES ('48', '比价管理', 'parent', null, 'chart', '/compare/list', null, null, null, null, null);
INSERT INTO `sys_privilege` VALUES ('49', '比价管理', 'menu', '48', null, '/compare/list', null, null, null, null, null);
INSERT INTO `sys_privilege` VALUES ('50', '级联查询询价信息', 'method', '48', null, '/compare/cascadeFindAll', null, null, null, null, null);
INSERT INTO `sys_privilege` VALUES ('51', '级联查询比价信息', 'method', '48', null, '/compare/cascadeFindAllByParams', null, null, null, null, null);
INSERT INTO `sys_privilege` VALUES ('52', '完成一条比价', 'method', '48', null, '/compare/completeCompare', null, null, null, null, null);
INSERT INTO `sys_privilege` VALUES ('53', '批量获取比价信息', 'method', '48', null, '/compare/batchGetCompare', null, null, null, null, null);
INSERT INTO `sys_privilege` VALUES ('54', '新增或修改设备类型', 'method', '37', null, '/deviceType/saveOrUpdate', null, null, null, null, null);
INSERT INTO `sys_privilege` VALUES ('57', '最终审核查询汇总数据', 'method', '42', null, '/finallyCheck/findDraftComparePrice', null, null, null, null, null);
INSERT INTO `sys_privilege` VALUES ('58', '最终审核保存', 'method', '42', null, '/finallyCheck/saveFinallyCheckMessage', null, null, null, null, null);
INSERT INTO `sys_privilege` VALUES ('59', '批量新增询价', 'method', '29', null, '/inquiry/batchAddInquiry', null, null, null, null, null);
INSERT INTO `sys_privilege` VALUES ('60', '报价管理', 'parent', null, null, '/quote/list', null, null, null, null, null);
INSERT INTO `sys_privilege` VALUES ('61', '查询一条询价下的所有报价', 'method', '60', null, '/quote/findByInquiryId', null, null, null, null, null);
INSERT INTO `sys_privilege` VALUES ('62', '报价单管理', 'menu', '29', null, '/inquiry/quote/list', null, null, null, null, null);
INSERT INTO `sys_privilege` VALUES ('63', '新增或修改报价', 'method', '60', null, '/quote/saveOrUpdate', null, null, null, null, null);
INSERT INTO `sys_privilege` VALUES ('64', '查询所有询价函', 'method', '29', '', '/inquiry/findAll', '', null, null, null, null);
INSERT INTO `sys_privilege` VALUES ('65', '修改一条询价', 'method', '29', null, '/inquiry/rowSave', null, null, null, null, null);
INSERT INTO `sys_privilege` VALUES ('66', '批量导入报价', 'method', '60', null, '/quote/batchAddQuote', null, null, null, null, null);
INSERT INTO `sys_privilege` VALUES ('67', '报价行内编辑保存', 'method', '60', null, '/quote/rowSave', null, null, null, null, null);
INSERT INTO `sys_privilege` VALUES ('68', '批量逻辑删除询价', 'method', '29', null, '/inquiry/batchSetInvalid', null, null, null, null, null);
INSERT INTO `sys_privilege` VALUES ('69', '按条件查询报价单', 'method', '60', null, '/quote/findBySupplierOrPro', null, null, null, null, null);
INSERT INTO `sys_privilege` VALUES ('70', '批量逻辑删除报价', 'method', '60', null, '/quote/batchSetInvalid', null, null, null, null, null);
INSERT INTO `sys_privilege` VALUES ('71', '验证项目名是否存在', 'method', '18', null, '/project/detail/verifyExistence', null, null, null, null, null);
INSERT INTO `sys_privilege` VALUES ('72', '比价查询', 'method', '48', '', '/compare/findByProIdOrCompareStatus', '', null, null, null, null);
INSERT INTO `sys_privilege` VALUES ('73', '查询项目详情审核', 'method', '18', null, '/project/detail/findProDetailCheck', null, null, null, null, null);
INSERT INTO `sys_privilege` VALUES ('74', '产品池管理', 'parent', null, '', '/pool/list', '', null, null, null, null);
INSERT INTO `sys_privilege` VALUES ('75', '产品池管理', 'menu', '74', '', '/pool/list', '', null, null, null, null);
INSERT INTO `sys_privilege` VALUES ('76', '产品池查询', 'method', '74', null, '/pool/findByParams', null, null, null, null, null);

-- ----------------------------
-- Table structure for sys_pro_check
-- ----------------------------
DROP TABLE IF EXISTS `sys_pro_check`;
CREATE TABLE `sys_pro_check` (
  `id` bigint(40) NOT NULL COMMENT '项目审核编号',
  `check_status` int(10) DEFAULT NULL COMMENT '审核状态0初始值1通过2未通过',
  `type` varchar(10) DEFAULT NULL COMMENT '比价、xx审核',
  `remark` varchar(255) DEFAULT NULL COMMENT '备注',
  `content_id` bigint(40) DEFAULT NULL COMMENT '报价id',
  `operator` bigint(40) DEFAULT NULL COMMENT '操作者',
  `time` bigint(40) DEFAULT NULL COMMENT '操作时间',
  PRIMARY KEY (`id`)
) ENGINE=InnoDB DEFAULT CHARSET=utf8;

-- ----------------------------
-- Records of sys_pro_check
-- ----------------------------
INSERT INTO `sys_pro_check` VALUES ('17718566', '0', '技术审核', null, '1785492901', '1', '1604565874372');
INSERT INTO `sys_pro_check` VALUES ('67021993', '0', '比价审核', null, '901270339', '1', '1604565874372');
INSERT INTO `sys_pro_check` VALUES ('138986376', '0', '商务审核', null, '2038573855', '1', '1604565874372');
INSERT INTO `sys_pro_check` VALUES ('246487605', '0', '最终审核', null, '1785492901', '1', '1604565874372');
INSERT INTO `sys_pro_check` VALUES ('315325341', '0', '商务审核', null, '1785492901', '1', '1604565874372');
INSERT INTO `sys_pro_check` VALUES ('405145561', '0', '技术审核', null, '2083240890', '1', '1604565874372');
INSERT INTO `sys_pro_check` VALUES ('406080161', '0', '技术审核', null, '572052596', '1', '1604565874372');
INSERT INTO `sys_pro_check` VALUES ('425731420', '0', '最终审核', null, '2083240890', '1', '1604565874372');
INSERT INTO `sys_pro_check` VALUES ('469677002', '0', '商务审核', null, '901270339', '1', '1604565874372');
INSERT INTO `sys_pro_check` VALUES ('479435573', '0', '商务审核', null, '807369647', '1', '1604565874372');
INSERT INTO `sys_pro_check` VALUES ('514668946', '0', '最终审核', null, '901270339', '1', '1604565874372');
INSERT INTO `sys_pro_check` VALUES ('646244581', '0', '比价审核', null, '2038573855', '1', '1604565874372');
INSERT INTO `sys_pro_check` VALUES ('736906666', '0', '商务审核', null, '572052596', '1', '1604565874372');
INSERT INTO `sys_pro_check` VALUES ('740834760', '0', '比价审核', null, '572052596', '1', '1604565874372');
INSERT INTO `sys_pro_check` VALUES ('759505013', '0', '最终审核', null, '1012661884', '1', '1604565874372');
INSERT INTO `sys_pro_check` VALUES ('788165953', '0', '最终审核', null, '572052596', '1', '1604565874372');
INSERT INTO `sys_pro_check` VALUES ('889607721', '0', '商务审核', null, '2083240890', '1', '1604565874372');
INSERT INTO `sys_pro_check` VALUES ('1194762062', '0', '比价审核', null, '1785492901', '1', '1604565874372');
INSERT INTO `sys_pro_check` VALUES ('1503381546', '0', '最终审核', null, '2038573855', '1', '1604565874372');
INSERT INTO `sys_pro_check` VALUES ('1517649449', '0', '比价审核', null, '807369647', '1', '1604565874372');
INSERT INTO `sys_pro_check` VALUES ('1527340795', '0', '技术审核', null, '1012661884', '1', '1604565874372');
INSERT INTO `sys_pro_check` VALUES ('1613696024', '0', '技术审核', null, '901270339', '1', '1604565874372');
INSERT INTO `sys_pro_check` VALUES ('1706887052', '0', '商务审核', null, '1012661884', '1', '1604565874372');
INSERT INTO `sys_pro_check` VALUES ('1716635920', '0', '技术审核', null, '807369647', '1', '1604565874372');
INSERT INTO `sys_pro_check` VALUES ('1723011393', '0', '最终审核', null, '807369647', '1', '1604565874372');
INSERT INTO `sys_pro_check` VALUES ('1769609219', '0', '比价审核', null, '1012661884', '1', '1604565874372');
INSERT INTO `sys_pro_check` VALUES ('2015939256', '0', '技术审核', null, '2038573855', '1', '1604565874372');
INSERT INTO `sys_pro_check` VALUES ('2018788976', '0', '比价审核', null, '2083240890', '1', '1604565874372');

-- ----------------------------
-- Table structure for sys_pro_detail
-- ----------------------------
DROP TABLE IF EXISTS `sys_pro_detail`;
CREATE TABLE `sys_pro_detail` (
  `id` bigint(40) NOT NULL COMMENT '项目编号',
  `name` varchar(255) DEFAULT NULL COMMENT '项目名称',
  `remark` text COMMENT '项目批注',
  `content` text COMMENT '项目内容',
  `pro_type_id` bigint(40) DEFAULT NULL,
  `pro_origin_id` bigint(40) DEFAULT NULL,
  `is_active` int(10) DEFAULT NULL COMMENT '是否有效',
  `is_useful` int(10) DEFAULT NULL COMMENT '是否被使用',
  `operator` bigint(40) DEFAULT NULL COMMENT '操作者',
  `time` bigint(40) DEFAULT NULL COMMENT '操作时间',
  PRIMARY KEY (`id`)
) ENGINE=InnoDB DEFAULT CHARSET=utf8;

-- ----------------------------
-- Records of sys_pro_detail
-- ----------------------------
INSERT INTO `sys_pro_detail` VALUES ('1565074093', '双林视频', null, null, '2033344962', '1996166487', '1', '0', '1', '1604541553758');

-- ----------------------------
-- Table structure for sys_pro_detail_check
-- ----------------------------
DROP TABLE IF EXISTS `sys_pro_detail_check`;
CREATE TABLE `sys_pro_detail_check` (
  `id` bigint(40) NOT NULL,
  `pro_detail_id` bigint(40) DEFAULT NULL,
  `check_status` int(10) DEFAULT NULL,
  `check_name` varchar(255) DEFAULT NULL,
  `operator` bigint(40) DEFAULT NULL,
  `time` bigint(40) DEFAULT NULL,
  PRIMARY KEY (`id`)
) ENGINE=InnoDB DEFAULT CHARSET=utf8;

-- ----------------------------
-- Records of sys_pro_detail_check
-- ----------------------------
INSERT INTO `sys_pro_detail_check` VALUES ('586285210', '1565074093', '0', '技术审核', '1', '1604555969695');
INSERT INTO `sys_pro_detail_check` VALUES ('890954645', '1565074093', '0', '最终审核', '1', '1604555969695');
INSERT INTO `sys_pro_detail_check` VALUES ('2058269003', '1565074093', '0', '商务审核', '1', '1604555969695');

-- ----------------------------
-- Table structure for sys_pro_origin
-- ----------------------------
DROP TABLE IF EXISTS `sys_pro_origin`;
CREATE TABLE `sys_pro_origin` (
  `id` bigint(40) NOT NULL COMMENT '项目来源编号',
  `name` varchar(255) DEFAULT NULL COMMENT '项目来源名称',
  `code` varchar(10) DEFAULT NULL COMMENT '项目来源编码',
  `is_active` int(10) DEFAULT NULL COMMENT '是否有效',
  `is_useful` int(10) DEFAULT NULL COMMENT '是否被使用',
  `operator` bigint(40) DEFAULT NULL COMMENT '操作者',
  `time` bigint(40) DEFAULT NULL COMMENT '操作时间',
  PRIMARY KEY (`id`)
) ENGINE=InnoDB DEFAULT CHARSET=utf8;

-- ----------------------------
-- Records of sys_pro_origin
-- ----------------------------
INSERT INTO `sys_pro_origin` VALUES ('1996166487', '双林', null, null, null, null, null);

-- ----------------------------
-- Table structure for sys_pro_type
-- ----------------------------
DROP TABLE IF EXISTS `sys_pro_type`;
CREATE TABLE `sys_pro_type` (
  `id` bigint(40) NOT NULL COMMENT '项目分类编号',
  `name` varchar(255) DEFAULT NULL COMMENT '项目分类名称',
  `is_active` int(10) DEFAULT NULL COMMENT '是否有效',
  `is_useful` int(10) DEFAULT NULL COMMENT '是否被使用',
  `operator` bigint(40) DEFAULT NULL COMMENT '操作者',
  `time` bigint(40) DEFAULT NULL COMMENT '操作时间',
  PRIMARY KEY (`id`)
) ENGINE=InnoDB DEFAULT CHARSET=utf8;

-- ----------------------------
-- Records of sys_pro_type
-- ----------------------------
INSERT INTO `sys_pro_type` VALUES ('2033344962', '设材招标', null, null, null, null);

-- ----------------------------
-- Table structure for sys_role
-- ----------------------------
DROP TABLE IF EXISTS `sys_role`;
CREATE TABLE `sys_role` (
  `id` bigint(40) NOT NULL AUTO_INCREMENT COMMENT '角色编号',
  `name` varchar(255) DEFAULT NULL COMMENT '角色名',
  `check_name` varchar(255) DEFAULT NULL,
  `is_active` int(10) DEFAULT NULL COMMENT '是否有效',
  `is_useful` int(10) DEFAULT NULL COMMENT '是否被使用',
  `operator` bigint(40) DEFAULT NULL COMMENT '操作者',
  `time` bigint(40) DEFAULT NULL COMMENT '操作时间',
  PRIMARY KEY (`id`)
) ENGINE=InnoDB AUTO_INCREMENT=6 DEFAULT CHARSET=utf8;

-- ----------------------------
-- Records of sys_role
-- ----------------------------
INSERT INTO `sys_role` VALUES ('1', '管理员', '', null, null, null, null);
INSERT INTO `sys_role` VALUES ('2', 'test', null, null, null, null, null);
INSERT INTO `sys_role` VALUES ('3', '技术部', '技术审核', null, null, null, null);
INSERT INTO `sys_role` VALUES ('4', '市场部', '商务审核', null, null, null, null);
INSERT INTO `sys_role` VALUES ('5', '领导', '最终审核', null, null, null, null);

-- ----------------------------
-- Table structure for sys_role_privilege
-- ----------------------------
DROP TABLE IF EXISTS `sys_role_privilege`;
CREATE TABLE `sys_role_privilege` (
  `id` bigint(40) NOT NULL AUTO_INCREMENT COMMENT '编号',
  `role_id` bigint(40) DEFAULT NULL COMMENT '角色编号',
  `privilege_id` bigint(40) DEFAULT NULL COMMENT '权限编号',
  `is_active` int(10) DEFAULT NULL COMMENT '是否有效',
  `is_useful` int(10) DEFAULT NULL COMMENT '是否被使用',
  `operator` bigint(40) DEFAULT NULL COMMENT '操作者',
  `time` bigint(40) DEFAULT NULL COMMENT '操作时间',
  PRIMARY KEY (`id`)
) ENGINE=InnoDB AUTO_INCREMENT=103 DEFAULT CHARSET=utf8;

-- ----------------------------
-- Records of sys_role_privilege
-- ----------------------------
INSERT INTO `sys_role_privilege` VALUES ('4', '1', '4', null, null, null, null);
INSERT INTO `sys_role_privilege` VALUES ('5', '1', '5', null, null, null, null);
INSERT INTO `sys_role_privilege` VALUES ('6', '1', '6', null, null, null, null);
INSERT INTO `sys_role_privilege` VALUES ('7', '1', '7', null, null, null, null);
INSERT INTO `sys_role_privilege` VALUES ('8', '1', '8', null, null, null, null);
INSERT INTO `sys_role_privilege` VALUES ('9', '1', '9', null, null, null, null);
INSERT INTO `sys_role_privilege` VALUES ('10', '1', '10', null, null, null, null);
INSERT INTO `sys_role_privilege` VALUES ('11', '1', '11', null, null, null, null);
INSERT INTO `sys_role_privilege` VALUES ('12', '1', '12', null, null, null, null);
INSERT INTO `sys_role_privilege` VALUES ('13', '1', '13', null, null, null, null);
INSERT INTO `sys_role_privilege` VALUES ('14', '1', '14', null, null, null, null);
INSERT INTO `sys_role_privilege` VALUES ('15', '1', '15', null, null, null, null);
INSERT INTO `sys_role_privilege` VALUES ('16', '1', '16', null, null, null, null);
INSERT INTO `sys_role_privilege` VALUES ('17', '1', '17', null, null, null, null);
INSERT INTO `sys_role_privilege` VALUES ('18', '1', '19', null, null, null, null);
INSERT INTO `sys_role_privilege` VALUES ('19', '1', '20', null, null, null, null);
INSERT INTO `sys_role_privilege` VALUES ('20', '1', '21', null, null, null, null);
INSERT INTO `sys_role_privilege` VALUES ('21', '1', '22', null, null, null, null);
INSERT INTO `sys_role_privilege` VALUES ('22', '1', '23', null, null, null, null);
INSERT INTO `sys_role_privilege` VALUES ('23', '1', '24', null, null, null, null);
INSERT INTO `sys_role_privilege` VALUES ('24', '1', '25', null, null, null, null);
INSERT INTO `sys_role_privilege` VALUES ('25', '1', '26', null, null, null, null);
INSERT INTO `sys_role_privilege` VALUES ('26', '1', '27', null, null, null, null);
INSERT INTO `sys_role_privilege` VALUES ('27', '1', '28', null, null, null, null);
INSERT INTO `sys_role_privilege` VALUES ('28', '1', '30', null, null, null, null);
INSERT INTO `sys_role_privilege` VALUES ('29', '1', '32', null, null, null, null);
INSERT INTO `sys_role_privilege` VALUES ('30', '1', '31', null, null, null, null);
INSERT INTO `sys_role_privilege` VALUES ('31', '1', '33', null, null, null, null);
INSERT INTO `sys_role_privilege` VALUES ('32', '1', '34', null, null, null, null);
INSERT INTO `sys_role_privilege` VALUES ('33', '1', '35', null, null, null, null);
INSERT INTO `sys_role_privilege` VALUES ('34', '1', '36', null, null, null, null);
INSERT INTO `sys_role_privilege` VALUES ('35', '1', '38', null, null, null, null);
INSERT INTO `sys_role_privilege` VALUES ('36', '1', '39', null, null, null, null);
INSERT INTO `sys_role_privilege` VALUES ('37', '2', '4', null, null, null, null);
INSERT INTO `sys_role_privilege` VALUES ('38', '2', '5', null, null, null, null);
INSERT INTO `sys_role_privilege` VALUES ('39', '2', '34', null, null, null, null);
INSERT INTO `sys_role_privilege` VALUES ('40', '1', '40', null, null, null, null);
INSERT INTO `sys_role_privilege` VALUES ('41', '1', '41', null, null, null, null);
INSERT INTO `sys_role_privilege` VALUES ('42', '1', '43', null, null, null, null);
INSERT INTO `sys_role_privilege` VALUES ('43', '1', '44', null, null, null, null);
INSERT INTO `sys_role_privilege` VALUES ('44', '1', '45', null, null, null, null);
INSERT INTO `sys_role_privilege` VALUES ('45', '1', '46', null, null, null, null);
INSERT INTO `sys_role_privilege` VALUES ('46', '3', '4', null, null, null, null);
INSERT INTO `sys_role_privilege` VALUES ('47', '3', '5', null, null, null, null);
INSERT INTO `sys_role_privilege` VALUES ('48', '3', '34', null, null, null, null);
INSERT INTO `sys_role_privilege` VALUES ('49', '3', '43', null, null, null, null);
INSERT INTO `sys_role_privilege` VALUES ('50', '3', '46', null, null, null, null);
INSERT INTO `sys_role_privilege` VALUES ('61', '1', '47', null, null, null, null);
INSERT INTO `sys_role_privilege` VALUES ('62', '3', '47', null, null, null, null);
INSERT INTO `sys_role_privilege` VALUES ('63', '3', '32', null, null, null, null);
INSERT INTO `sys_role_privilege` VALUES ('64', '4', '32', null, null, null, null);
INSERT INTO `sys_role_privilege` VALUES ('65', '4', '4', null, null, null, null);
INSERT INTO `sys_role_privilege` VALUES ('66', '4', '5', null, null, null, null);
INSERT INTO `sys_role_privilege` VALUES ('67', '4', '34', null, null, null, null);
INSERT INTO `sys_role_privilege` VALUES ('68', '5', '4', null, null, null, null);
INSERT INTO `sys_role_privilege` VALUES ('69', '5', '5', null, null, null, null);
INSERT INTO `sys_role_privilege` VALUES ('70', '5', '34', null, null, null, null);
INSERT INTO `sys_role_privilege` VALUES ('71', '5', '32', null, null, null, null);
INSERT INTO `sys_role_privilege` VALUES ('72', '5', '45', null, null, null, null);
INSERT INTO `sys_role_privilege` VALUES ('73', '5', '46', null, null, null, null);
INSERT INTO `sys_role_privilege` VALUES ('74', '5', '47', null, null, null, null);
INSERT INTO `sys_role_privilege` VALUES ('75', '4', '44', null, null, null, null);
INSERT INTO `sys_role_privilege` VALUES ('76', '4', '46', null, null, null, null);
INSERT INTO `sys_role_privilege` VALUES ('77', '4', '47', null, null, null, null);
INSERT INTO `sys_role_privilege` VALUES ('78', '1', '49', null, null, null, null);
INSERT INTO `sys_role_privilege` VALUES ('79', '1', '50', null, null, null, null);
INSERT INTO `sys_role_privilege` VALUES ('80', '1', '51', null, null, null, null);
INSERT INTO `sys_role_privilege` VALUES ('81', '1', '52', null, null, null, null);
INSERT INTO `sys_role_privilege` VALUES ('82', '1', '53', null, null, null, null);
INSERT INTO `sys_role_privilege` VALUES ('83', '1', '54', null, null, null, null);
INSERT INTO `sys_role_privilege` VALUES ('85', '1', '57', null, null, null, null);
INSERT INTO `sys_role_privilege` VALUES ('86', '1', '58', null, null, null, null);
INSERT INTO `sys_role_privilege` VALUES ('87', '1', '59', null, null, null, null);
INSERT INTO `sys_role_privilege` VALUES ('88', '1', '61', null, null, null, null);
INSERT INTO `sys_role_privilege` VALUES ('89', '1', '62', null, null, null, null);
INSERT INTO `sys_role_privilege` VALUES ('90', '1', '63', null, null, null, null);
INSERT INTO `sys_role_privilege` VALUES ('91', '1', '64', null, null, null, null);
INSERT INTO `sys_role_privilege` VALUES ('92', '1', '65', null, null, null, null);
INSERT INTO `sys_role_privilege` VALUES ('93', '1', '66', null, null, null, null);
INSERT INTO `sys_role_privilege` VALUES ('94', '1', '67', null, null, null, null);
INSERT INTO `sys_role_privilege` VALUES ('95', '1', '68', null, null, null, null);
INSERT INTO `sys_role_privilege` VALUES ('96', '1', '69', null, null, null, null);
INSERT INTO `sys_role_privilege` VALUES ('97', '1', '70', null, null, null, null);
INSERT INTO `sys_role_privilege` VALUES ('98', '1', '71', null, null, null, null);
INSERT INTO `sys_role_privilege` VALUES ('99', '1', '72', null, null, null, null);
INSERT INTO `sys_role_privilege` VALUES ('100', '1', '73', null, null, null, null);
INSERT INTO `sys_role_privilege` VALUES ('101', '1', '75', null, null, null, null);
INSERT INTO `sys_role_privilege` VALUES ('102', '1', '76', null, null, null, null);

-- ----------------------------
-- Table structure for sys_user
-- ----------------------------
DROP TABLE IF EXISTS `sys_user`;
CREATE TABLE `sys_user` (
  `id` bigint(40) NOT NULL COMMENT '用户编号',
  `username` varchar(255) DEFAULT NULL COMMENT '用户名',
  `password` varchar(255) DEFAULT NULL COMMENT '密码',
  `avatar` varchar(255) DEFAULT NULL COMMENT '头像',
  `is_active` int(10) DEFAULT NULL COMMENT '是否有效',
  `is_useful` int(10) DEFAULT NULL COMMENT '是否被使用',
  `operator` bigint(40) DEFAULT NULL COMMENT '操作者',
  `time` bigint(40) DEFAULT NULL COMMENT '操作时间',
  PRIMARY KEY (`id`)
) ENGINE=InnoDB DEFAULT CHARSET=utf8;

-- ----------------------------
-- Records of sys_user
-- ----------------------------
INSERT INTO `sys_user` VALUES ('1', 'admin', '000000', 'http://smalllei.cn/images/06bad62a-4349-466a-9afb-a11d9d2f6d98.png', null, null, null, null);
INSERT INTO `sys_user` VALUES ('160033564240903', 'test', '000000', null, null, null, null, null);
INSERT INTO `sys_user` VALUES ('160069265124036', '技术部', '000000', null, null, null, null, null);

-- ----------------------------
-- Table structure for sys_user_role
-- ----------------------------
DROP TABLE IF EXISTS `sys_user_role`;
CREATE TABLE `sys_user_role` (
  `id` bigint(40) NOT NULL AUTO_INCREMENT COMMENT '编号',
  `user_id` bigint(40) DEFAULT NULL COMMENT '用户编号',
  `role_id` bigint(40) DEFAULT NULL COMMENT '角色编号',
  `is_active` int(10) DEFAULT NULL COMMENT '是否有效',
  `is_useful` int(10) DEFAULT NULL COMMENT '是否被使用',
  `operator` bigint(40) DEFAULT NULL COMMENT '操作者',
  `time` bigint(40) DEFAULT NULL COMMENT '操作时间',
  PRIMARY KEY (`id`)
) ENGINE=InnoDB AUTO_INCREMENT=7 DEFAULT CHARSET=utf8;

-- ----------------------------
-- Records of sys_user_role
-- ----------------------------
INSERT INTO `sys_user_role` VALUES ('1', '1', '1', null, null, null, null);
INSERT INTO `sys_user_role` VALUES ('4', '160033564240903', '2', null, null, null, null);
INSERT INTO `sys_user_role` VALUES ('6', '160069265124036', '3', null, null, null, null);
